Página,Parágrafo/Bloco,Sentença,Português,Resp. Português,Rev. Português,Glosas,Resp. Glosas,Arquivo Vídeo,Resp. Vídeo,Rev. Tradução,Mocap,Vídeo Mocap,Elan,Resp. Elan,Rev. Elan,"Em 2021, a Unicamp entrou  em terceiro lugar na lista das universidades com melhor reputação do mundo, de acordo com o ranking Times Higher Education (THE) World Reputation. Essa conquista aumenta a responsabilidade social desta instituição pública, tanto por meio da formação de profissionais altamente qualificados quanto no desenvolvimento de projetos que promovam interação entre a academia e a sociedade.",URL,Paragraph,Sentence
,,,,,,,,,,,,,,,,"Na Unicamp, a Pró Reitoria de Extensão e Cultura tem como missão coordenar e estimular atividades e projetos de Extensão e Cultura que, por meio do diálogo e da multidisciplinaridade, tenham aplicação contínua em comunidades não somente da Região Metropolitana de Campinas (RMC), mas também de vários lugares do Brasil e de outros países.",,,
,,,,,,,,,,,,,,,,"Com o cuidado de não separar ensino, pesquisa e extensão, a Unicamp constrói tradição de interação com a sociedade, por meio de acordos de cooperação com órgãos do governo e da iniciativa privada.",,,
,,,,,,,,,,,,,,,,"A extensão promove uma transformação social positiva, realizada por professores, pesquisadores, alunos e colaboradores da Universidade.",,,
,,,,,,,,,,,,,,,,DESTAQUE,,,
,,,,,,,,,,,,,,,,Assista aos vídeos produzidos pela ProEC.,,,
,,,,,,,,,,,,,,,,Fique por dentro de nossas atividades,,,
,,,,,,,,,,,,,,,,NOTÍCIA,,,
,,,,,,,,,,,,,,,,Publicado em 25/05/2023,,,
,,,,,,,,,,,,,,,,NOTÍCIA,,,
,,,,,,,,,,,,,,,,Publicado em 24/05/2023,,,
,,,,,,,,,,,,,,,,NOTÍCIA,,,
,,,,,,,,,,,,,,,,Publicado em 24/05/2023,,,
,,,,,,,,,,,,,,,,NOTÍCIA,,,
,,,,,,,,,,,,,,,,Publicado em 22/05/2023,,,
,,,,,,,,,,,,,,,,#SomosPROEC,,,
,,,,,,,,,,,,,,,,Conheça todos os órgãos que são parte da Pró-Reitoria de Extensão e Cultura.,,,
,,,,,,,,,,,,,,,,Pró-Reitoria de Extensão e Cultura,,,
,,,,,,,,,,,,,,,,Prof. Dr. Fernando Antônio Santos Coelho,,,
,,,,,,,,,,,,,,,,"+55 (19) 3521-4741
						proec@unicamp.br",,,
,,,,,,,,,,,,,,,,"
						Rua da Reitoria, 121
						Cidade Universitária “Zeferino Vaz”
						Barão Geraldo - Unicamp
						13083-872
						Campinas – SP",,,
,,,,,,,,,,,,,,,,"© Pró-Reitoria de Extensão e Cultura.
Desenvolvido por DTIC - Diretoria de Tecnologia da Informação e Comunicação
",,,
,,,,,,,,,,,,,,,,,https://www.proec.unicamp.br/editais_cultura,0.0,Cultura
,,,,,,,,,,,,,,,,,https://www.proec.unicamp.br/editais_cultura,1.0,Fique por dentro dos editais
,,,,,,,,,,,,,,,,,https://www.proec.unicamp.br/editais_cultura,2.0,Editais Abertos
,,,,,,,,,,,,,,,,,https://www.proec.unicamp.br/editais_cultura,3.0,Nenhum edital aberto no momento.
,,,,,,,,,,,,,,,,,https://www.proec.unicamp.br/editais_cultura,4.0,Editais Encerrados
,,,,,,,,,,,,,,,,,https://www.proec.unicamp.br/editais_cultura,5.0,→ Chamada para Apoio a Projetos Artísticos e Culturais para Compor a Mostra Cultural Durante a Realização da Semana Funciona Cultura
,,,,,,,,,,,,,,,,,https://www.proec.unicamp.br/editais_cultura,6.0,→ Programa de Bolsas Pesquisadores e Artistas Residentes Estrangeiros - Unicamp/Banco Santander
,,,,,,,,,,,,,,,,,https://www.proec.unicamp.br/editais_cultura,7.0,→ Chamada para Apoio a Projetos Culturais em Tempos de Covid-19
,,,,,,,,,,,,,,,,,https://www.proec.unicamp.br/editais_cultura,8.0,"→ Edital de Propostas Artísticas para a Publicação: Arte Para Desconfinar - EDITAL GR nº 03/2020, de 01/06/2020"
,,,,,,,,,,,,,,,,,https://www.proec.unicamp.br/editais_cultura,9.0,→ Edital de chamamento Projeto Funciona Cultura Nº01/2020
,,,,,,,,,,,,,,,,,https://www.proec.unicamp.br/editais_cultura,10.0,© Pró-Reitoria de Extensão e Cultura.
,,,,,,,,,,,,,,,,,https://www.proec.unicamp.br/editais_cultura,10.0,"Desenvolvido por DTIC - Diretoria de Tecnologia da Informação e Comunicação
"
,,,,,,,,,,,,,,,,,https://www.proec.unicamp.br/editais_itcp,0.0,ITCP
,,,,,,,,,,,,,,,,,https://www.proec.unicamp.br/editais_itcp,1.0,Fique por dentro dos editais
,,,,,,,,,,,,,,,,,https://www.proec.unicamp.br/editais_itcp,2.0,Edital 2022
,,,,,,,,,,,,,,,,,https://www.proec.unicamp.br/editais_itcp,3.0,Editais ITCP – Incubadora Tecnológica de Cooperativas Populares
,,,,,,,,,,,,,,,,,https://www.proec.unicamp.br/editais_itcp,4.0,Como participar
,,,,,,,,,,,,,,,,,https://www.proec.unicamp.br/editais_itcp,5.0,Veja os editais:
,,,,,,,,,,,,,,,,,https://www.proec.unicamp.br/editais_itcp,6.0,Prorrogação do Edital ITCP
,,,,,,,,,,,,,,,,,https://www.proec.unicamp.br/editais_itcp,7.0,Prorrogação do Edital ITCP
,,,,,,,,,,,,,,,,,https://www.proec.unicamp.br/editais_itcp,8.0,Edital FINAL ITCP
,,,,,,,,,,,,,,,,,https://www.proec.unicamp.br/editais_itcp,9.0,A Incubadora Tecnológica de Cooperativas Populares (ITCP) é um programa de Extensão da Unicamp fundado em 2001 que atua com grupos populares em Campinas e região.
,,,,,,,,,,,,,,,,,https://www.proec.unicamp.br/editais_itcp,9.0,"Os temas abordados são economia solidária, educação popular, tecnologia social, gênero, movimentos sociais e autogestão.Por meio dos editais ITCP, são realizados processos seletivos para selecionar estudantes de graduação da Unicamp que queiram atuar no projeto."
,,,,,,,,,,,,,,,,,https://www.proec.unicamp.br/editais_itcp,10.0,"Para se candidatar ao processo seletivo, o estudante deve verificar o edital em vigor e providenciar o requerimento de inscrição e os documentos solicitados dentro do prazo estipulado."
,,,,,,,,,,,,,,,,,https://www.proec.unicamp.br/editais_itcp,10.0,"A inscrição deve ser protocolada na Diretoria de Projetos de Extensão - Pró-Reitoria de Extensão e Cultura (ProEC), localizada no endereço Av."
,,,,,,,,,,,,,,,,,https://www.proec.unicamp.br/editais_itcp,10.0,"Érico Veríssimo, 800."
,,,,,,,,,,,,,,,,,https://www.proec.unicamp.br/editais_itcp,11.0,© Pró-Reitoria de Extensão e Cultura.
,,,,,,,,,,,,,,,,,https://www.proec.unicamp.br/editais_itcp,11.0,"Desenvolvido por DTIC - Diretoria de Tecnologia da Informação e Comunicação
"
,,,,,,,,,,,,,,,,,https://www.proec.unicamp.br/noticias/programas-terra-e-colmeias-de-cursinhos-passam-a-fazer-parte-da-proec,0.0,Programas Terra e Colmeias de Cursinhos passam a fazer parte da Proec
,,,,,,,,,,,,,,,,,https://www.proec.unicamp.br/noticias/programas-terra-e-colmeias-de-cursinhos-passam-a-fazer-parte-da-proec,1.0,Publicado em 25/05/2023 por PROEC
,,,,,,,,,,,,,,,,,https://www.proec.unicamp.br/noticias/programas-terra-e-colmeias-de-cursinhos-passam-a-fazer-parte-da-proec,2.0,A apresentação dos programas aos funcionários da Pró-reitoria ocorreu na última segunda-feira (22) no auditório do programa UniversIDADE
,,,,,,,,,,,,,,,,,https://www.proec.unicamp.br/noticias/programas-terra-e-colmeias-de-cursinhos-passam-a-fazer-parte-da-proec,3.0,Reportagem: Maria Luiza Robles Arias e Gabriela Villen  | Imagens e edição: Luiz Tadeu
,,,,,,,,,,,,,,,,,https://www.proec.unicamp.br/noticias/programas-terra-e-colmeias-de-cursinhos-passam-a-fazer-parte-da-proec,4.0,A Pró-reitoria de Extensão e Cultura (Proec) da Unicamp incorporou a sua estrutura institucional os programas de extensão Terra e Colmeias de Cursinhos Pré-Vestibulares e Pré-Vestibulinhos.
,,,,,,,,,,,,,,,,,https://www.proec.unicamp.br/noticias/programas-terra-e-colmeias-de-cursinhos-passam-a-fazer-parte-da-proec,4.0,"Os programas multidisciplinares reúnem ações de extensão em agroecologia e educação, abrangendo projetos atuantes há mais de uma década."
,,,,,,,,,,,,,,,,,https://www.proec.unicamp.br/noticias/programas-terra-e-colmeias-de-cursinhos-passam-a-fazer-parte-da-proec,4.0,"A institucionalização pretende fortalecer essas iniciativas já consolidadas, garantindo sua perenidade."
,,,,,,,,,,,,,,,,,https://www.proec.unicamp.br/noticias/programas-terra-e-colmeias-de-cursinhos-passam-a-fazer-parte-da-proec,4.0,"Uma apresentação dos programas aos funcionários da Proec, nesta segunda-feira (22), no auditório do programa UniversIDADE, marcou as boas-vindas à Pró-reitoria."
,,,,,,,,,,,,,,,,,https://www.proec.unicamp.br/noticias/programas-terra-e-colmeias-de-cursinhos-passam-a-fazer-parte-da-proec,5.0, 
,,,,,,,,,,,,,,,,,https://www.proec.unicamp.br/noticias/programas-terra-e-colmeias-de-cursinhos-passam-a-fazer-parte-da-proec,6.0,Confira o vídeo:
,,,,,,,,,,,,,,,,,https://www.proec.unicamp.br/noticias/programas-terra-e-colmeias-de-cursinhos-passam-a-fazer-parte-da-proec,7.0,
,,,,,,,,,,,,,,,,,https://www.proec.unicamp.br/noticias/programas-terra-e-colmeias-de-cursinhos-passam-a-fazer-parte-da-proec,8.0,"De acordo com Vanilde Esquerdo, professora da Faculdade de Engenharia Agrícola (Feagri) e coordenadora do programa, o Programa Terra nasceu a partir das experiências da Rede de Agroecologia da Unicamp (RAU)."
,,,,,,,,,,,,,,,,,https://www.proec.unicamp.br/noticias/programas-terra-e-colmeias-de-cursinhos-passam-a-fazer-parte-da-proec,8.0,"Segundo ela, a rede, que surgiu em meados de 2010 e tem ramificações em todo país, tem o intuito de fortalecer a Agroecologia e sua compreensão multidisciplinar."
,,,,,,,,,,,,,,,,,https://www.proec.unicamp.br/noticias/programas-terra-e-colmeias-de-cursinhos-passam-a-fazer-parte-da-proec,8.0,"A fim de ampliar as atividades desenvolvidas pela RAU na Unicamp e levá-las para os agricultores locais, surge o Programa Terra."
,,,,,,,,,,,,,,,,,https://www.proec.unicamp.br/noticias/programas-terra-e-colmeias-de-cursinhos-passam-a-fazer-parte-da-proec,8.0,"“O objetivo é sair de uma realidade convencional de produção, com todos os impactos que causa no meio ambiente, na saúde das pessoas e na economia, para um sistema de produção de base sustentável, na região de Campinas e Limeira”, explicou Vanilde Esquerdo."
,,,,,,,,,,,,,,,,,https://www.proec.unicamp.br/noticias/programas-terra-e-colmeias-de-cursinhos-passam-a-fazer-parte-da-proec,8.0,
,,,,,,,,,,,,,,,,,https://www.proec.unicamp.br/noticias/programas-terra-e-colmeias-de-cursinhos-passam-a-fazer-parte-da-proec,9.0,O Programa Colmeias reúne Cursinhos Pré-Vestibulares e Pré-Vestibulinhos em Campinas e Limeira.
,,,,,,,,,,,,,,,,,https://www.proec.unicamp.br/noticias/programas-terra-e-colmeias-de-cursinhos-passam-a-fazer-parte-da-proec,9.0,"Segundo Josely Rimoli, professora da  Faculdade de Ciências Aplicadas (FCA) e coordenadora do Colmeias, o programa teve início em 2010, com objetivo de oferecer formação preparatória para estudantes das escolas públicas."
,,,,,,,,,,,,,,,,,https://www.proec.unicamp.br/noticias/programas-terra-e-colmeias-de-cursinhos-passam-a-fazer-parte-da-proec,9.0,"Desde seu surgimento, mais de 5 mil alunos passaram pelo projeto, registrando mais de 800 aprovações."
,,,,,,,,,,,,,,,,,https://www.proec.unicamp.br/noticias/programas-terra-e-colmeias-de-cursinhos-passam-a-fazer-parte-da-proec,9.0,"“O Colmeia tem essa função de incluir o aluno no mundo do estudo e, posteriormente, no mundo do trabalho”, ressalta Josely."
,,,,,,,,,,,,,,,,,https://www.proec.unicamp.br/noticias/programas-terra-e-colmeias-de-cursinhos-passam-a-fazer-parte-da-proec,9.0,"Além do ingresso dos alunos no Ensino Superior, o Programa atua no apoio à permanência dos estudantes, oferecendo bolsas aos que quiserem atuar como professores do Colmeia."
,,,,,,,,,,,,,,,,,https://www.proec.unicamp.br/noticias/programas-terra-e-colmeias-de-cursinhos-passam-a-fazer-parte-da-proec,9.0,"A coordenadora ressaltou ainda os planos de expansão, com a criação do cursinho pré-vestibular Colmeias do Jardim São Marcos, em Campinas."
,,,,,,,,,,,,,,,,,https://www.proec.unicamp.br/noticias/programas-terra-e-colmeias-de-cursinhos-passam-a-fazer-parte-da-proec,10.0, 
,,,,,,,,,,,,,,,,,https://www.proec.unicamp.br/noticias/programas-terra-e-colmeias-de-cursinhos-passam-a-fazer-parte-da-proec,11.0,© Pró-Reitoria de Extensão e Cultura.
,,,,,,,,,,,,,,,,,https://www.proec.unicamp.br/noticias/programas-terra-e-colmeias-de-cursinhos-passam-a-fazer-parte-da-proec,11.0,"Desenvolvido por DTIC - Diretoria de Tecnologia da Informação e Comunicação
"
,,,,,,,,,,,,,,,,,https://www.proec.unicamp.br/noticias,0.0,"
5º Edital PROEC - PEX recebe inscrições até 19 de agosto
"
,,,,,,,,,,,,,,,,,https://www.proec.unicamp.br/noticias,1.0,Todas Notícias
,,,,,,,,,,,,,,,,,https://www.proec.unicamp.br/noticias,2.0,"
Fórum Especial - 20 Anos: Direitos Humanos na Prática:
"
,,,,,,,,,,,,,,,,,https://www.proec.unicamp.br/noticias,3.0,"
Além da Guerra às Drogas: 
"
,,,,,,,,,,,,,,,,,https://www.proec.unicamp.br/noticias,4.0,"
A Lei Geral de Proteção de Dados Pessoais e as Universidades Estaduais Paulistas
"
,,,,,,,,,,,,,,,,,https://www.proec.unicamp.br/noticias,5.0,PROEC
,,,,,,,,,,,,,,,,,https://www.proec.unicamp.br/noticias,6.0,Edital de apoio a projetos e programas de Extensão
,,,,,,,,,,,,,,,,,https://www.proec.unicamp.br/noticias,7.0,PROEC
,,,,,,,,,,,,,,,,,https://www.proec.unicamp.br/noticias,8.0, Mulheres Construindo Justiça Social
,,,,,,,,,,,,,,,,,https://www.proec.unicamp.br/noticias,9.0,PROEC
,,,,,,,,,,,,,,,,,https://www.proec.unicamp.br/noticias,10.0,"Políticas públicas, democracia e garantia de direitos"
,,,,,,,,,,,,,,,,,https://www.proec.unicamp.br/noticias,11.0,PROEC
,,,,,,,,,,,,,,,,,https://www.proec.unicamp.br/noticias,12.0,Criação de uma cultura de privacidade na comunidade universitária
,,,,,,,,,,,,,,,,,https://www.proec.unicamp.br/noticias,13.0,© Pró-Reitoria de Extensão e Cultura.
,,,,,,,,,,,,,,,,,https://www.proec.unicamp.br/noticias,13.0,"Desenvolvido por DTIC - Diretoria de Tecnologia da Informação e Comunicação
"
,,,,,,,,,,,,,,,,,https://www.proec.unicamp.br/noticias/audiencia-publica-discute-financiamento-da-extensao-universitaria-na-comissao-de-educacao-da-camara,0.0,Audiência pública discute financiamento da Extensão Universitária na Comissão de Educação da Câmara 
,,,,,,,,,,,,,,,,,https://www.proec.unicamp.br/noticias/audiencia-publica-discute-financiamento-da-extensao-universitaria-na-comissao-de-educacao-da-camara,1.0,Publicado em 26/05/2023 por PROEC
,,,,,,,,,,,,,,,,,https://www.proec.unicamp.br/noticias/audiencia-publica-discute-financiamento-da-extensao-universitaria-na-comissao-de-educacao-da-camara,2.0,"Fernando Coelho, pró-reitor de Extensão e Cultura da Unicamp, sugere definição de orçamento e planejamento federal "
,,,,,,,,,,,,,,,,,https://www.proec.unicamp.br/noticias/audiencia-publica-discute-financiamento-da-extensao-universitaria-na-comissao-de-educacao-da-camara,3.0,Texto: Fernando Barbosa e Gabriela Villen  | Imagens: Divulgação
,,,,,,,,,,,,,,,,,https://www.proec.unicamp.br/noticias/audiencia-publica-discute-financiamento-da-extensao-universitaria-na-comissao-de-educacao-da-camara,4.0,"O pró-reitor de Extensão e Cultura da Unicamp (Proec), Fernando Coelho, participou nesta quinta-feira (25), da audiência pública da Comissão de Educação da Câmara Federal, que discutiu o ""Financiamento da Extensão Universitária""."
,,,,,,,,,,,,,,,,,https://www.proec.unicamp.br/noticias/audiencia-publica-discute-financiamento-da-extensao-universitaria-na-comissao-de-educacao-da-camara,4.0,"Presidida pela deputada Lídice da Mata (PSB-BA), a audiência reuniu reitores e pró-reitores das principais universidades públicas do país."
,,,,,,,,,,,,,,,,,https://www.proec.unicamp.br/noticias/audiencia-publica-discute-financiamento-da-extensao-universitaria-na-comissao-de-educacao-da-camara,4.0,"O debate ressaltou a importância da extensão universitária realizada pelas universidades, bem como a necessidade de fomento específico, que garanta a continuidade dos programas e ações voltadas à comunidade."
,,,,,,,,,,,,,,,,,https://www.proec.unicamp.br/noticias/audiencia-publica-discute-financiamento-da-extensao-universitaria-na-comissao-de-educacao-da-camara,5.0,“Temos demandas bem claras e há um consenso de que precisamos de financiamento.
,,,,,,,,,,,,,,,,,https://www.proec.unicamp.br/noticias/audiencia-publica-discute-financiamento-da-extensao-universitaria-na-comissao-de-educacao-da-camara,5.0,"Minha pergunta é: qual é o nível de planejamento que já existe para que a gente tenha, no próximo orçamento da União, recursos devidamente estabelecidos para que a gente possa assim financiar, ou retomar, programas de extensão que envolvam um financiamento substantivo?”, questionou Coelho."
,,,,,,,,,,,,,,,,,https://www.proec.unicamp.br/noticias/audiencia-publica-discute-financiamento-da-extensao-universitaria-na-comissao-de-educacao-da-camara,5.0,"O pró-reitor da Unicamp ressaltou, ainda, a necessidade de agregar à extensão, Políticas de Permanência Estudantil."
,,,,,,,,,,,,,,,,,https://www.proec.unicamp.br/noticias/audiencia-publica-discute-financiamento-da-extensao-universitaria-na-comissao-de-educacao-da-camara,5.0,
,,,,,,,,,,,,,,,,,https://www.proec.unicamp.br/noticias/audiencia-publica-discute-financiamento-da-extensao-universitaria-na-comissao-de-educacao-da-camara,6.0,"Para a deputada Lídice da Mata, é fundamental estabelecer um cronograma e manter a articulação das instituições presentes, para que os apontamentos sejam levados à Comissão da Câmara responsável pela elaboração das emendas."
,,,,,,,,,,,,,,,,,https://www.proec.unicamp.br/noticias/audiencia-publica-discute-financiamento-da-extensao-universitaria-na-comissao-de-educacao-da-camara,6.0,"“Vamos pedir uma audiência com o MEC, para levarmos os documentos e solicitações."
,,,,,,,,,,,,,,,,,https://www.proec.unicamp.br/noticias/audiencia-publica-discute-financiamento-da-extensao-universitaria-na-comissao-de-educacao-da-camara,6.0,"Nosso entendimento é de que precisamos ampliar os orçamentos das Universidades, para que essas tenham condições de repassá-los para as extensões”, afirmou."
,,,,,,,,,,,,,,,,,https://www.proec.unicamp.br/noticias/audiencia-publica-discute-financiamento-da-extensao-universitaria-na-comissao-de-educacao-da-camara,6.0,"Da Mata ressaltou, contudo, a necessidade de busca de financiamento também nas  instâncias regionais."
,,,,,,,,,,,,,,,,,https://www.proec.unicamp.br/noticias/audiencia-publica-discute-financiamento-da-extensao-universitaria-na-comissao-de-educacao-da-camara,7.0, 
,,,,,,,,,,,,,,,,,https://www.proec.unicamp.br/noticias/audiencia-publica-discute-financiamento-da-extensao-universitaria-na-comissao-de-educacao-da-camara,8.0,"Alexandre da Fonseca, diretor de Políticas e Programas de Educação Superior, que representava o Ministério da Educação (MEC), apresentou dados e propostas, ponderando que a equipe ainda passa por momento de reconhecimento e avaliação das demandas."
,,,,,,,,,,,,,,,,,https://www.proec.unicamp.br/noticias/audiencia-publica-discute-financiamento-da-extensao-universitaria-na-comissao-de-educacao-da-camara,8.0,Ele afirmou que vem acompanhando o debate sobre a Extensão Universitária e sua curricularização.
,,,,,,,,,,,,,,,,,https://www.proec.unicamp.br/noticias/audiencia-publica-discute-financiamento-da-extensao-universitaria-na-comissao-de-educacao-da-camara,8.0,"“Toda ação da Sesu [Secretaria de Educação Superior] terá como norte a indissociabilidade do ensino-pesquisa-extensão"", pontuou."
,,,,,,,,,,,,,,,,,https://www.proec.unicamp.br/noticias/audiencia-publica-discute-financiamento-da-extensao-universitaria-na-comissao-de-educacao-da-camara,8.0,"""Vamos trabalhar para que novas ações aconteçam a partir desse diálogo com as instituições de educação."
,,,,,,,,,,,,,,,,,https://www.proec.unicamp.br/noticias/audiencia-publica-discute-financiamento-da-extensao-universitaria-na-comissao-de-educacao-da-camara,8.0,"Esse movimento organizado precisa ser ouvido”, afirmou o diretor."
,,,,,,,,,,,,,,,,,https://www.proec.unicamp.br/noticias/audiencia-publica-discute-financiamento-da-extensao-universitaria-na-comissao-de-educacao-da-camara,9.0,"Entre os pró-reitores presentes, Guilherme Bertissolo, da Universidade Federal da Bahia, ressaltou o papel das ações de Extensão nas Universidades públicas."
,,,,,,,,,,,,,,,,,https://www.proec.unicamp.br/noticias/audiencia-publica-discute-financiamento-da-extensao-universitaria-na-comissao-de-educacao-da-camara,9.0,"""Acho importante ressaltar o papel central da extensão no cumprimento da missão e na própria constituição da natureza pública dessas instituições."
,,,,,,,,,,,,,,,,,https://www.proec.unicamp.br/noticias/audiencia-publica-discute-financiamento-da-extensao-universitaria-na-comissao-de-educacao-da-camara,9.0,"É a extensão que as qualifica como mecanismos concretos de transformação social e também com o compromisso do imaginário de um outro mundo possível"", destacou."
,,,,,,,,,,,,,,,,,https://www.proec.unicamp.br/noticias/audiencia-publica-discute-financiamento-da-extensao-universitaria-na-comissao-de-educacao-da-camara,10.0,"O debate contou ainda com a presença do presidente do Fórum de Pró-Reitores de Extensão das Instituições Públicas de Educação Superior Brasileiras (Forproex), Hélder Eterno da Silveira; o presidente da Associação Nacional dos Dirigentes das Instituições Federais de Ensino Superior (Andifes), Ricardo Marcelo Fonseca; e o presidente da Associação Brasileira dos Reitores das Universidades Estaduais e Municipais (Abruem), Francisco D."
,,,,,,,,,,,,,,,,,https://www.proec.unicamp.br/noticias/audiencia-publica-discute-financiamento-da-extensao-universitaria-na-comissao-de-educacao-da-camara,10.0,Lima Júnior.
,,,,,,,,,,,,,,,,,https://www.proec.unicamp.br/noticias/audiencia-publica-discute-financiamento-da-extensao-universitaria-na-comissao-de-educacao-da-camara,11.0, 
,,,,,,,,,,,,,,,,,https://www.proec.unicamp.br/noticias/audiencia-publica-discute-financiamento-da-extensao-universitaria-na-comissao-de-educacao-da-camara,12.0,Confira o registro da audiência:
,,,,,,,,,,,,,,,,,https://www.proec.unicamp.br/noticias/audiencia-publica-discute-financiamento-da-extensao-universitaria-na-comissao-de-educacao-da-camara,13.0,© Pró-Reitoria de Extensão e Cultura.
,,,,,,,,,,,,,,,,,https://www.proec.unicamp.br/noticias/audiencia-publica-discute-financiamento-da-extensao-universitaria-na-comissao-de-educacao-da-camara,13.0,"Desenvolvido por DTIC - Diretoria de Tecnologia da Informação e Comunicação
"
,,,,,,,,,,,,,,,,,https://www.proec.unicamp.br/editais_proext,0.0,PROEXT
,,,,,,,,,,,,,,,,,https://www.proec.unicamp.br/editais_proext,1.0,Fique por dentro dos editais
,,,,,,,,,,,,,,,,,https://www.proec.unicamp.br/editais_proext,2.0,"O Programa de Extensão Universitária (ProExt) foi instituído mediante DECRETO Nº 6.495, DE 30 DE JUNHO DE 2008."
,,,,,,,,,,,,,,,,,https://www.proec.unicamp.br/editais_proext,2.0,"Tem a finalidade de apoiar instituições públicas de educação superior no desenvolvimento de programas ou projetos de extensão universitária que contribuam para a implementação de políticas públicas, com vistas a ampliar sua interação com a sociedade."
,,,,,,,,,,,,,,,,,https://www.proec.unicamp.br/editais_proext,3.0,centralizar e racionalizar as ações de apoio à extensão universitária desenvolvidas no âmbito do Ministério da Educação;
,,,,,,,,,,,,,,,,,https://www.proec.unicamp.br/editais_proext,4.0,"dotar as instituições públicas de ensino superior de melhores condições de gestão das atividades acadêmicas de extensão, permitindo planejamento de longo prazo;"
,,,,,,,,,,,,,,,,,https://www.proec.unicamp.br/editais_proext,5.0,"potencializar e ampliar os patamares de qualidade das ações de extensão, projetando-as para a sociedade e contribuindo para o alcance da missão das instituições públicas de ensino superior;"
,,,,,,,,,,,,,,,,,https://www.proec.unicamp.br/editais_proext,6.0,fomentar programas e projetos de extensão que contribuam para o fortalecimento de políticas públicas;
,,,,,,,,,,,,,,,,,https://www.proec.unicamp.br/editais_proext,7.0,"estimular o desenvolvimento social e o espírito crítico dos estudantes, bem como a atuação profissional pautada na cidadania e na função social da educação superior;"
,,,,,,,,,,,,,,,,,https://www.proec.unicamp.br/editais_proext,8.0,contribuir para a melhoria da qualidade da educação brasileira por meio do contato direto dos estudantes com realidades concretas e da troca de saberes acadêmicos e populares;
,,,,,,,,,,,,,,,,,https://www.proec.unicamp.br/editais_proext,9.0,propiciar a democratização e difusão do conhecimento acadêmico; e
,,,,,,,,,,,,,,,,,https://www.proec.unicamp.br/editais_proext,10.0,fomentar o estreitamento dos vínculos entre as instituições de ensino superior e as comunidades populares do entorno.
,,,,,,,,,,,,,,,,,https://www.proec.unicamp.br/editais_proext,11.0,"Inscrição de proposta que se refere a programas ou projetos afins com as atuais políticas públicas, em especial com as políticas sociais."
,,,,,,,,,,,,,,,,,https://www.proec.unicamp.br/editais_proext,11.0,"O Ministério da Educação (MEC) define Projeto de Extensão como um conjunto de ações processuais contínuas, de caráter educativo, social, cultural ou tecnológico, com objetivo específico e prazo determinado."
,,,,,,,,,,,,,,,,,https://www.proec.unicamp.br/editais_proext,11.0,"O Programa de Extensão é definido como sendo um conjunto articulado de projetos e outras ações de extensão, de caráter multidisciplinar e integrado a atividades de pesquisa e de ensino."
,,,,,,,,,,,,,,,,,https://www.proec.unicamp.br/editais_proext,11.0,"Tem caráter orgânico-institucional, integração no território e/ou grupos populacionais, clareza de diretrizes e orientação para um objetivo comum, sendo executado a médio e longo prazo por alunos orientados por um ou mais docentes da Unicamp."
,,,,,,,,,,,,,,,,,https://www.proec.unicamp.br/editais_proext,12.0,Docentes e alunos de graduação regularmente matriculados na Unicamp.
,,,,,,,,,,,,,,,,,https://www.proec.unicamp.br/editais_proext,13.0,"Geralmente o MEC divulga os editais no primeiro semestre de cada ano e, mais especificamente, no mês de fevereiro."
,,,,,,,,,,,,,,,,,https://www.proec.unicamp.br/editais_proext,14.0,© Pró-Reitoria de Extensão e Cultura.
,,,,,,,,,,,,,,,,,https://www.proec.unicamp.br/editais_proext,14.0,"Desenvolvido por DTIC - Diretoria de Tecnologia da Informação e Comunicação
"
,,,,,,,,,,,,,,,,,https://www.proec.unicamp.br/paginas/editalcoltec,0.0,"A Universidade Estadual de Campinas UNICAMP, por intermédio da Pró-Reitoria de Extensão e Cultura, torna público, no âmbito da Universidade, o 1° Edital de Apoio a Projetos de Extensão PROEC - PEX - Colégios Técnicos - 2023 que se enquadrem no conceito de ações de “Extensão”, coordenados por docentes dos Colégios Técnicos da UNICAMP, de acordo com os critérios e procedimentos dispostos neste edital."
,,,,,,,,,,,,,,,,,https://www.proec.unicamp.br/paginas/editalcoltec,1.0,"As atividades de Extensão dos Colégios Técnicos representam um significativo avanço no processo de formação profissional, inclusão e de cidadania, visando ampliar o alcance na comunidade externa do conhecimento científico produzido pela comunidade do Colégio Técnico de Campinas e do Colégio Técnico de Limeira."
,,,,,,,,,,,,,,,,,https://www.proec.unicamp.br/paginas/editalcoltec,2.0, 
,,,,,,,,,,,,,,,,,https://www.proec.unicamp.br/paginas/editalcoltec,3.0,1.
,,,,,,,,,,,,,,,,,https://www.proec.unicamp.br/paginas/editalcoltec,3.0,Objetivos do Edital
,,,,,,,,,,,,,,,,,https://www.proec.unicamp.br/paginas/editalcoltec,4.0,"O presente edital visa o apoio financeiro de ações de extensão produzidas nos Colégios Técnicos, coordenadas por docentes desses colégios , cuja execução terá início em 14 de Junho de 2023, com duração de 12 (doze meses)."
,,,,,,,,,,,,,,,,,https://www.proec.unicamp.br/paginas/editalcoltec,5.0,link para envio de propostas: https://www.extecult.proec.unicamp.br/
,,,,,,,,,,,,,,,,,https://www.proec.unicamp.br/paginas/editalcoltec,6.0, 
,,,,,,,,,,,,,,,,,https://www.proec.unicamp.br/paginas/editalcoltec,7.0,2.
,,,,,,,,,,,,,,,,,https://www.proec.unicamp.br/paginas/editalcoltec,7.0,Link do Edital:  Edital dos Colégios Técnicos
,,,,,,,,,,,,,,,,,https://www.proec.unicamp.br/paginas/editalcoltec,8.0, 
,,,,,,,,,,,,,,,,,https://www.proec.unicamp.br/paginas/editalcoltec,9.0,3.
,,,,,,,,,,,,,,,,,https://www.proec.unicamp.br/paginas/editalcoltec,9.0,Resultado Preliminar:
,,,,,,,,,,,,,,,,,https://www.proec.unicamp.br/paginas/editalcoltec,10.0,
,,,,,,,,,,,,,,,,,https://www.proec.unicamp.br/paginas/editalcoltec,11.0,4.
,,,,,,,,,,,,,,,,,https://www.proec.unicamp.br/paginas/editalcoltec,11.0,Resultado do edital:
,,,,,,,,,,,,,,,,,https://www.proec.unicamp.br/paginas/editalcoltec,12.0, 
,,,,,,,,,,,,,,,,,https://www.proec.unicamp.br/paginas/editalcoltec,13.0,
,,,,,,,,,,,,,,,,,https://www.proec.unicamp.br/paginas/editalcoltec,14.0,© Pró-Reitoria de Extensão e Cultura.
,,,,,,,,,,,,,,,,,https://www.proec.unicamp.br/paginas/editalcoltec,14.0,"Desenvolvido por DTIC - Diretoria de Tecnologia da Informação e Comunicação
"
,,,,,,,,,,,,,,,,,https://www.proec.unicamp.br/editais_acoes_ext_pesquisa,0.0,1º Edital ProEC de Financiamento à Pesquisa sobre Extensão Universitária
,,,,,,,,,,,,,,,,,https://www.proec.unicamp.br/editais_acoes_ext_pesquisa,1.0,
,,,,,,,,,,,,,,,,,https://www.proec.unicamp.br/editais_acoes_ext_pesquisa,2.0,Confira o edital completo aqui
,,,,,,,,,,,,,,,,,https://www.proec.unicamp.br/editais_acoes_ext_pesquisa,3.0,Confira o Relatório do Edital e Resultados aqui
,,,,,,,,,,,,,,,,,https://www.proec.unicamp.br/editais_acoes_ext_pesquisa,4.0,A Pró-Reitoria de Extensão e Cultura da Unicamp torna público o presente Edital com o objetivo de fomentar projetos de pesquisa sobre extensão universitária.
,,,,,,,,,,,,,,,,,https://www.proec.unicamp.br/editais_acoes_ext_pesquisa,4.0,O prazo de envio das propostas é 24 de julho de 2020.
,,,,,,,,,,,,,,,,,https://www.proec.unicamp.br/editais_acoes_ext_pesquisa,5.0,"Considerando a importância da relação universidade-sociedade e o papel da extensão universitária como intermediária dessa relação e considerando o conceito de extensão universitária do Fórum dos Pró-Reitores de Extensão das Universidades Públicas Brasileiras , este edital tem como objetivo adensar e avançar o conhecimento sobre as características, gestão, políticas e práticas da extensão universitária na Unicamp e no Brasil."
,,,,,,,,,,,,,,,,,https://www.proec.unicamp.br/editais_acoes_ext_pesquisa,6.0,Este edital valoriza propostas de pesquisa de alto nível que buscam estudar temas como:
,,,,,,,,,,,,,,,,,https://www.proec.unicamp.br/editais_acoes_ext_pesquisa,7.0,Docentes ou pesquisadores (carreira PQ) da Unicamp podem submeter suas propostas de pesquisas (em português ou inglês) no AQUI
,,,,,,,,,,,,,,,,,https://www.proec.unicamp.br/editais_acoes_ext_pesquisa,8.0,"O valor total previsto para o presente Edital é de R$ 100.000,00 (Cem Mil Reais), sendo que o valor máximo de cada proposta é de R$ 10.000,00 (Dez mil Reais)."
,,,,,,,,,,,,,,,,,https://www.proec.unicamp.br/editais_acoes_ext_pesquisa,9.0,O prazo de execução da pesquisa é de até 24 meses.
,,,,,,,,,,,,,,,,,https://www.proec.unicamp.br/editais_acoes_ext_pesquisa,10.0,"As propostas serão analisadas por meio de processo competitivo de avaliação de mérito, considerando-se sua relevância e o potencial de contribuição para o estudo e divulgação científica da extensão universitária."
,,,,,,,,,,,,,,,,,https://www.proec.unicamp.br/editais_acoes_ext_pesquisa,11.0,Cronograma
,,,,,,,,,,,,,,,,,https://www.proec.unicamp.br/editais_acoes_ext_pesquisa,12.0,Confira o edital completo aqui
,,,,,,,,,,,,,,,,,https://www.proec.unicamp.br/editais_acoes_ext_pesquisa,13.0,Confira o Relatório do Edital e Resultados aqui
,,,,,,,,,,,,,,,,,https://www.proec.unicamp.br/editais_acoes_ext_pesquisa,14.0,Comissão de Seleção das propostas submetidas ao Edital
,,,,,,,,,,,,,,,,,https://www.proec.unicamp.br/editais_acoes_ext_pesquisa,15.0,Dúvidas podem ser enviadas no pesquisaextensao@proec.unicamp.br 
,,,,,,,,,,,,,,,,,https://www.proec.unicamp.br/editais_acoes_ext_pesquisa,16.0,© Pró-Reitoria de Extensão e Cultura.
,,,,,,,,,,,,,,,,,https://www.proec.unicamp.br/editais_acoes_ext_pesquisa,16.0,"Desenvolvido por DTIC - Diretoria de Tecnologia da Informação e Comunicação
"
,,,,,,,,,,,,,,,,,https://www.proec.unicamp.br/noticias/biblioteca-comunitaria-da-unicamp-recebe-doacoes-e-planeja-expansao,0.0,Biblioteca Comunitária da Unicamp recebe doações e planeja expansão 
,,,,,,,,,,,,,,,,,https://www.proec.unicamp.br/noticias/biblioteca-comunitaria-da-unicamp-recebe-doacoes-e-planeja-expansao,1.0,Publicado em 26/05/2023 por PROEC
,,,,,,,,,,,,,,,,,https://www.proec.unicamp.br/noticias/biblioteca-comunitaria-da-unicamp-recebe-doacoes-e-planeja-expansao,2.0,"Com apoio da Proec, o projeto pretende criar núcleos em entidades da região"
,,,,,,,,,,,,,,,,,https://www.proec.unicamp.br/noticias/biblioteca-comunitaria-da-unicamp-recebe-doacoes-e-planeja-expansao,3.0,Texto: Fernando José Barbosa e Gabriela Villen  l  Fotos: José Irani 
,,,,,,,,,,,,,,,,,https://www.proec.unicamp.br/noticias/biblioteca-comunitaria-da-unicamp-recebe-doacoes-e-planeja-expansao,4.0,"A Biblioteca Comunitária da Unicamp (Bibcom), com apoio da Pró-reitoria de Extensão e Cultura (Proec), pretende expandir sua atuação."
,,,,,,,,,,,,,,,,,https://www.proec.unicamp.br/noticias/biblioteca-comunitaria-da-unicamp-recebe-doacoes-e-planeja-expansao,4.0,"Além do novo espaço, que ficará no térreo da  Biblioteca Central ""Cesar Lattes"" (BCCL), a Bibcom planeja montar núcleos em outras entidades da Região Metropolitana de Campinas."
,,,,,,,,,,,,,,,,,https://www.proec.unicamp.br/noticias/biblioteca-comunitaria-da-unicamp-recebe-doacoes-e-planeja-expansao,4.0,"Para compor os novos acervos, a biblioteca está arrecadando livros, jogos lúdicos, gibis, HQs e revistas."
,,,,,,,,,,,,,,,,,https://www.proec.unicamp.br/noticias/biblioteca-comunitaria-da-unicamp-recebe-doacoes-e-planeja-expansao,4.0,As doações podem ser realizadas na BC.
,,,,,,,,,,,,,,,,,https://www.proec.unicamp.br/noticias/biblioteca-comunitaria-da-unicamp-recebe-doacoes-e-planeja-expansao,4.0,
,,,,,,,,,,,,,,,,,https://www.proec.unicamp.br/noticias/biblioteca-comunitaria-da-unicamp-recebe-doacoes-e-planeja-expansao,5.0,"“Não temos bibliotecas públicas suficientes para atender a população e as existentes são cercadas de dificuldades para manutenção, valorização do local como espaço de formação educacional e pessoal do cidadão”, explica a coordenadora do projeto, Gislaine Melo de Lima."
,,,,,,,,,,,,,,,,,https://www.proec.unicamp.br/noticias/biblioteca-comunitaria-da-unicamp-recebe-doacoes-e-planeja-expansao,5.0,O foco principal do projeto é o incentivo à leitura e o fácil acesso para o público geral.
,,,,,,,,,,,,,,,,,https://www.proec.unicamp.br/noticias/biblioteca-comunitaria-da-unicamp-recebe-doacoes-e-planeja-expansao,5.0,"“Temos foco nas comunidades em situação de vulnerabilidade e centros escolares”, disse ela."
,,,,,,,,,,,,,,,,,https://www.proec.unicamp.br/noticias/biblioteca-comunitaria-da-unicamp-recebe-doacoes-e-planeja-expansao,6.0,"O espaço, instalado ​​provisoriamente no primeiro andar da BC, é um ambiente lúdico completamente à disposição da população."
,,,,,,,,,,,,,,,,,https://www.proec.unicamp.br/noticias/biblioteca-comunitaria-da-unicamp-recebe-doacoes-e-planeja-expansao,6.0,"De acordo com a coordenadora, além de ser mais um local para leitura e estudos, a Bibcom promove contação de histórias, visitas guiadas e está viabilizando estrutura para receber e doar livros para a comunidade."
,,,,,,,,,,,,,,,,,https://www.proec.unicamp.br/noticias/biblioteca-comunitaria-da-unicamp-recebe-doacoes-e-planeja-expansao,7.0, 
,,,,,,,,,,,,,,,,,https://www.proec.unicamp.br/noticias/biblioteca-comunitaria-da-unicamp-recebe-doacoes-e-planeja-expansao,8.0,"“A biblioteca comunitária é uma forma de democratizar o acesso da nossa população ao acervo da Biblioteca, visando mostrar a força da leitura na formação dos futuros cidadãos do Brasil, tendo o livro como ponto de encontro”, defende o pró-reitor de Extensão e Cultura, Fernando Coelho."
,,,,,,,,,,,,,,,,,https://www.proec.unicamp.br/noticias/biblioteca-comunitaria-da-unicamp-recebe-doacoes-e-planeja-expansao,8.0,"Ele aposta no espaço também como ambiente propício à interação de gerações, pela diversidade de público a qual estará acessível."
,,,,,,,,,,,,,,,,,https://www.proec.unicamp.br/noticias/biblioteca-comunitaria-da-unicamp-recebe-doacoes-e-planeja-expansao,8.0,
,,,,,,,,,,,,,,,,,https://www.proec.unicamp.br/noticias/biblioteca-comunitaria-da-unicamp-recebe-doacoes-e-planeja-expansao,9.0,Coelho afirma o compromisso da  Proec com o projeto e sua expansão.
,,,,,,,,,,,,,,,,,https://www.proec.unicamp.br/noticias/biblioteca-comunitaria-da-unicamp-recebe-doacoes-e-planeja-expansao,9.0,"“O objetivo é ter, no futuro próximo, um braço móvel da nossa biblioteca comunitária”, diz ele."
,,,,,,,,,,,,,,,,,https://www.proec.unicamp.br/noticias/biblioteca-comunitaria-da-unicamp-recebe-doacoes-e-planeja-expansao,9.0,"As primeiras articulações estão sendo realizadas com a organização Patrulheiros Campinas, que se dedica à profissionalização do menor aprendiz, para firmar o intercâmbio entre suas bibliotecas."
,,,,,,,,,,,,,,,,,https://www.proec.unicamp.br/noticias/biblioteca-comunitaria-da-unicamp-recebe-doacoes-e-planeja-expansao,10.0,"Na Biblioteca Central, também já está em andamento o projeto para atualização do espaço."
,,,,,,,,,,,,,,,,,https://www.proec.unicamp.br/noticias/biblioteca-comunitaria-da-unicamp-recebe-doacoes-e-planeja-expansao,10.0,"Segundo Lima, a Bibcom ganhará novas instalações no térreo da BC, facilitando o acesso da população."
,,,,,,,,,,,,,,,,,https://www.proec.unicamp.br/noticias/biblioteca-comunitaria-da-unicamp-recebe-doacoes-e-planeja-expansao,11.0,"Segundo a coordenadora, o apoio da Proec tem sido fundamental para subsidiar a contratação de estagiários e custear despesas de instalação."
,,,,,,,,,,,,,,,,,https://www.proec.unicamp.br/noticias/biblioteca-comunitaria-da-unicamp-recebe-doacoes-e-planeja-expansao,11.0,"“Ter o apoio de uma Proec para se instalar uma biblioteca comunitária dentro de uma Universidade é traduzir a intenção dela em incentivar a formação básica para as pessoas”, considera a coordenadora."
,,,,,,,,,,,,,,,,,https://www.proec.unicamp.br/noticias/biblioteca-comunitaria-da-unicamp-recebe-doacoes-e-planeja-expansao,12.0,"A Bibcom já realizou ações culturais em parceria com a Secretaria Municipal de Educação de Campinas e com outros órgãos da Unicamp, como a Divisão de Educação Infantil e Complementar (Dedic)."
,,,,,,,,,,,,,,,,,https://www.proec.unicamp.br/noticias/biblioteca-comunitaria-da-unicamp-recebe-doacoes-e-planeja-expansao,13.0, 
,,,,,,,,,,,,,,,,,https://www.proec.unicamp.br/noticias/biblioteca-comunitaria-da-unicamp-recebe-doacoes-e-planeja-expansao,14.0,"Biblioteca Central ""Cesar Lattes""​​ (BCCL)"
,,,,,,,,,,,,,,,,,https://www.proec.unicamp.br/noticias/biblioteca-comunitaria-da-unicamp-recebe-doacoes-e-planeja-expansao,15.0,R.
,,,,,,,,,,,,,,,,,https://www.proec.unicamp.br/noticias/biblioteca-comunitaria-da-unicamp-recebe-doacoes-e-planeja-expansao,15.0,"Sérgio Buarque de Holanda, 421 - Cidade Universitária, Campinas - SP"
,,,,,,,,,,,,,,,,,https://www.proec.unicamp.br/noticias/biblioteca-comunitaria-da-unicamp-recebe-doacoes-e-planeja-expansao,16.0,© Pró-Reitoria de Extensão e Cultura.
,,,,,,,,,,,,,,,,,https://www.proec.unicamp.br/noticias/biblioteca-comunitaria-da-unicamp-recebe-doacoes-e-planeja-expansao,16.0,"Desenvolvido por DTIC - Diretoria de Tecnologia da Informação e Comunicação
"
,,,,,,,,,,,,,,,,,https://www.proec.unicamp.br/paginas/logotipos,0.0,"Atenção: Antes de fazer o download, leia as normas para uso do logotipo da Unicamp no link abaixo."
,,,,,,,,,,,,,,,,,https://www.proec.unicamp.br/paginas/logotipos,1.0,https://www.unicamp.br/unicamp/logotipo
,,,,,,,,,,,,,,,,,https://www.proec.unicamp.br/paginas/logotipos,2.0,"Disponíveis nos formatos: TIF, DXF, CDR, GIF, JPG, GIF, EPS."
,,,,,,,,,,,,,,,,,https://www.proec.unicamp.br/paginas/logotipos,3.0,As imagens abaixo estão em alta definição e para salvá-las clique
,,,,,,,,,,,,,,,,,https://www.proec.unicamp.br/paginas/logotipos,4.0,"com o botão direito do mouse sobre a imagem e escolha - ""Salvar imagem como...""."
,,,,,,,,,,,,,,,,,https://www.proec.unicamp.br/paginas/logotipos,5.0, 
,,,,,,,,,,,,,,,,,https://www.proec.unicamp.br/paginas/logotipos,6.0,
,,,,,,,,,,,,,,,,,https://www.proec.unicamp.br/paginas/logotipos,7.0, 
,,,,,,,,,,,,,,,,,https://www.proec.unicamp.br/paginas/logotipos,8.0, 
,,,,,,,,,,,,,,,,,https://www.proec.unicamp.br/paginas/logotipos,9.0,Logotipos - Pró-Reitoria de Extensão e Cultura - ProEC | Unicamp
,,,,,,,,,,,,,,,,,https://www.proec.unicamp.br/paginas/logotipos,10.0, 
,,,,,,,,,,,,,,,,,https://www.proec.unicamp.br/paginas/logotipos,11.0,
,,,,,,,,,,,,,,,,,https://www.proec.unicamp.br/paginas/logotipos,12.0, 
,,,,,,,,,,,,,,,,,https://www.proec.unicamp.br/paginas/logotipos,13.0, 
,,,,,,,,,,,,,,,,,https://www.proec.unicamp.br/paginas/logotipos,14.0,
,,,,,,,,,,,,,,,,,https://www.proec.unicamp.br/paginas/logotipos,15.0, 
,,,,,,,,,,,,,,,,,https://www.proec.unicamp.br/paginas/logotipos,16.0, 
,,,,,,,,,,,,,,,,,https://www.proec.unicamp.br/paginas/logotipos,17.0,© Pró-Reitoria de Extensão e Cultura.
,,,,,,,,,,,,,,,,,https://www.proec.unicamp.br/paginas/logotipos,17.0,"Desenvolvido por DTIC - Diretoria de Tecnologia da Informação e Comunicação
"
,,,,,,,,,,,,,,,,,https://www.proec.unicamp.br/noticias/dia-do-desafio-1,0.0,Dia do Desafio
,,,,,,,,,,,,,,,,,https://www.proec.unicamp.br/noticias/dia-do-desafio-1,1.0,Publicado em 17/05/2023 por PROEC
,,,,,,,,,,,,,,,,,https://www.proec.unicamp.br/noticias/dia-do-desafio-1,2.0,Inscrições abertas até 24/05
,,,,,,,,,,,,,,,,,https://www.proec.unicamp.br/noticias/dia-do-desafio-1,3.0,O Dia do Desafio é uma campanha mundial de incentivo à prática regular de atividade física e esportivas em todas as fases da vida e para todos os públicos.
,,,,,,,,,,,,,,,,,https://www.proec.unicamp.br/noticias/dia-do-desafio-1,4.0,"O Programa UniversIDADE esta participando desta ação, conjuntamente com o grupo PET (Programa Educação Tutorial) FEF/UNICAMP."
,,,,,,,,,,,,,,,,,https://www.proec.unicamp.br/noticias/dia-do-desafio-1,5.0,"Aproveitando o evento, estaremos contando com a presença da Ecobrinquedoteca, comemorando o dia Mundial do Brincar!"
,,,,,,,,,,,,,,,,,https://www.proec.unicamp.br/noticias/dia-do-desafio-1,6.0,Convidamos nossos alunos e comunidade Unicamp a se juntar a nós!
,,,,,,,,,,,,,,,,,https://www.proec.unicamp.br/noticias/dia-do-desafio-1,6.0,Tragam seus amigos e/ou familiares.
,,,,,,,,,,,,,,,,,https://www.proec.unicamp.br/noticias/dia-do-desafio-1,7.0, 
,,,,,,,,,,,,,,,,,https://www.proec.unicamp.br/noticias/dia-do-desafio-1,8.0,IMPORTANTE:
,,,,,,,,,,,,,,,,,https://www.proec.unicamp.br/noticias/dia-do-desafio-1,9.0,"- Vir vestido/a com roupa confortável e tênis, pois iremos nos movimentar!"
,,,,,,,,,,,,,,,,,https://www.proec.unicamp.br/noticias/dia-do-desafio-1,10.0,"- Trazer garrafa de água, ou caneca."
,,,,,,,,,,,,,,,,,https://www.proec.unicamp.br/noticias/dia-do-desafio-1,11.0, 
,,,,,,,,,,,,,,,,,https://www.proec.unicamp.br/noticias/dia-do-desafio-1,12.0,Dia: 31 de Maio de 2023
,,,,,,,,,,,,,,,,,https://www.proec.unicamp.br/noticias/dia-do-desafio-1,13.0,Horário: 09:00 hs
,,,,,,,,,,,,,,,,,https://www.proec.unicamp.br/noticias/dia-do-desafio-1,14.0,Local: Praça da Paz da Unicamp
,,,,,,,,,,,,,,,,,https://www.proec.unicamp.br/noticias/dia-do-desafio-1,15.0,Inscrições abertas até 24/05.
,,,,,,,,,,,,,,,,,https://www.proec.unicamp.br/noticias/dia-do-desafio-1,15.0,Clique aqui para se inscrever
,,,,,,,,,,,,,,,,,https://www.proec.unicamp.br/noticias/dia-do-desafio-1,16.0, 
,,,,,,,,,,,,,,,,,https://www.proec.unicamp.br/noticias/dia-do-desafio-1,17.0,"Para mais informações sobre o que é o Dia do Desafio, acesse o site."
,,,,,,,,,,,,,,,,,https://www.proec.unicamp.br/noticias/dia-do-desafio-1,18.0,© Pró-Reitoria de Extensão e Cultura.
,,,,,,,,,,,,,,,,,https://www.proec.unicamp.br/noticias/dia-do-desafio-1,18.0,"Desenvolvido por DTIC - Diretoria de Tecnologia da Informação e Comunicação
"
,,,,,-,,,,,,,,,,,,,,
,,,,,-,,,,,,,,,,,,,,
,,,,,-,,,,,,,,,,,,,,
,,,,,-,,,,,,,,,,,,,,
,,,,,-,,,,,,,,,,,,,,
,,,,,-,,,,,,,,,,,,,,
,,,,,-,,,,,,,,,,,,,,
,,,,,-,,,,,,,,,,,,,,
,,,,,-,,,,,,,,,,,,,,
,,,,,-,,,,,,,,,,,,,,
,,,,,-,,,,,,,,,,,,,,
,,,,,-,,,,,,,,,,,,,,
,,,,,-,,,,,,,,,,,,,,
,,,,,-,,,,,,,,,,,,,,
,,,,,-,,,,,,,,,,,,,,
,,,,,-,,,,,,,,,,,,,,
,,,,,-,,,,,,,,,,,,,,
,,,,,-,,,,,,,,,,,,,,
,,,,,-,,,,,,,,,,,,,,
,,,,,-,,,,,,,,,,,,,,
,,,,,-,,,,,,,,,,,,,,
,,,,,-,,,,,,,,,,,,,,
,,,,,-,,,,,,,,,,,,,,
,,,,,-,,,,,,,,,,,,,,
,,,,,-,,,,,,,,,,,,,,
,,,,,-,,,,,,,,,,,,,,
,,,,,-,,,,,,,,,,,,,,
,,,,,-,,,,,,,,,,,,,,
,,,,,-,,,,,,,,,,,,,,
,,,,,-,,,,,,,,,,,,,,
,,,,,-,,,,,,,,,,,,,,
,,,,,-,,,,,,,,,,,,,,
,,,,,-,,,,,,,,,,,,,,
,,,,,-,,,,,,,,,,,,,,
,,,,,-,,,,,,,,,,,,,,
,,,,,-,,,,,,,,,,,,,,
,,,,,-,,,,,,,,,,,,,,
,,,,,-,,,,,,,,,,,,,,
,,,,,-,,,,,,,,,,,,,,
,,,,,-,,,,,,,,,,,,,,
,,,,,-,,,,,,,,,,,,,,
,,,,,-,,,,,,,,,,,,,,
,,,,,-,,,,,,,,,,,,,,
,,,,,-,,,,,,,,,,,,,,
,,,,,-,,,,,,,,,,,,,,
,,,,,-,,,,,,,,,,,,,,
,,,,,-,,,,,,,,,,,,,,
,,,,,-,,,,,,,,,,,,,,
,,,,,-,,,,,,,,,,,,,,
,,,,,-,,,,,,,,,,,,,,
,,,,,-,,,,,,,,,,,,,,
,,,,,-,,,,,,,,,,,,,,
,,,,,-,,,,,,,,,,,,,,
,,,,,-,,,,,,,,,,,,,,
,,,,,-,,,,,,,,,,,,,,
,,,,,-,,,,,,,,,,,,,,
,,,,,-,,,,,,,,,,,,,,
,,,,,-,,,,,,,,,,,,,,
,,,,,-,,,,,,,,,,,,,,
,,,,,-,,,,,,,,,,,,,,
,,,,,-,,,,,,,,,,,,,,
,,,,,-,,,,,,,,,,,,,,
,,,,,-,,,,,,,,,,,,,,
,,,,,-,,,,,,,,,,,,,,
,,,,,-,,,,,,,,,,,,,,
,,,,,-,,,,,,,,,,,,,,
,,,,,-,,,,,,,,,,,,,,
,,,,,-,,,,,,,,,,,,,,
,,,,,-,,,,,,,,,,,,,,
,,,,,-,,,,,,,,,,,,,,
,,,,,-,,,,,,,,,,,,,,
,,,,,-,,,,,,,,,,,,,,
,,,,,-,,,,,,,,,,,,,,
,,,,,-,,,,,,,,,,,,,,
,,,,,-,,,,,,,,,,,,,,
,,,,,-,,,,,,,,,,,,,,
,,,,,-,,,,,,,,,,,,,,
,,,,,-,,,,,,,,,,,,,,
,,,,,-,,,,,,,,,,,,,,
,,,,,-,,,,,,,,,,,,,,
,,,,,-,,,,,,,,,,,,,,
,,,,,-,,,,,,,,,,,,,,
,,,,,-,,,,,,,,,,,,,,
,,,,,-,,,,,,,,,,,,,,
,,,,,-,,,,,,,,,,,,,,
,,,,,-,,,,,,,,,,,,,,
,,,,,-,,,,,,,,,,,,,,
,,,,,-,,,,,,,,,,,,,,
,,,,,-,,,,,,,,,,,,,,
,,,,,-,,,,,,,,,,,,,,
,,,,,-,,,,,,,,,,,,,,
,,,,,-,,,,,,,,,,,,,,
,,,,,-,,,,,,,,,,,,,,
,,,,,-,,,,,,,,,,,,,,
,,,,,-,,,,,,,,,,,,,,
,,,,,-,,,,,,,,,,,,,,
,,,,,-,,,,,,,,,,,,,,
,,,,,-,,,,,,,,,,,,,,
,,,,,-,,,,,,,,,,,,,,
,,,,,-,,,,,,,,,,,,,,
,,,,,-,,,,,,,,,,,,,,
,,,,,-,,,,,,,,,,,,,,
,,,,,-,,,,,,,,,,,,,,
,,,,,-,,,,,,,,,,,,,,
,,,,,-,,,,,,,,,,,,,,
,,,,,-,,,,,,,,,,,,,,
,,,,,-,,,,,,,,,,,,,,
,,,,,-,,,,,,,,,,,,,,
,,,,,-,,,,,,,,,,,,,,
,,,,,-,,,,,,,,,,,,,,
,,,,,-,,,,,,,,,,,,,,
,,,,,-,,,,,,,,,,,,,,
,,,,,-,,,,,,,,,,,,,,
,,,,,-,,,,,,,,,,,,,,
,,,,,-,,,,,,,,,,,,,,
,,,,,-,,,,,,,,,,,,,,
,,,,,-,,,,,,,,,,,,,,
,,,,,-,,,,,,,,,,,,,,
,,,,,-,,,,,,,,,,,,,,
,,,,,-,,,,,,,,,,,,,,
,,,,,-,,,,,,,,,,,,,,
,,,,,-,,,,,,,,,,,,,,
,,,,,-,,,,,,,,,,,,,,
,,,,,-,,,,,,,,,,,,,,
,,,,,-,,,,,,,,,,,,,,
,,,,,-,,,,,,,,,,,,,,
,,,,,-,,,,,,,,,,,,,,
,,,,,-,,,,,,,,,,,,,,
,,,,,-,,,,,,,,,,,,,,
,,,,,-,,,,,,,,,,,,,,
,,,,,-,,,,,,,,,,,,,,
,,,,,-,,,,,,,,,,,,,,
,,,,,-,,,,,,,,,,,,,,
,,,,,-,,,,,,,,,,,,,,
,,,,,-,,,,,,,,,,,,,,
,,,,,-,,,,,,,,,,,,,,
,,,,,-,,,,,,,,,,,,,,
,,,,,-,,,,,,,,,,,,,,
,,,,,-,,,,,,,,,,,,,,
,,,,,-,,,,,,,,,,,,,,
,,,,,-,,,,,,,,,,,,,,
,,,,,-,,,,,,,,,,,,,,
,,,,,-,,,,,,,,,,,,,,
,,,,,-,,,,,,,,,,,,,,
,,,,,-,,,,,,,,,,,,,,
,,,,,-,,,,,,,,,,,,,,
,,,,,-,,,,,,,,,,,,,,
,,,,,-,,,,,,,,,,,,,,
,,,,,-,,,,,,,,,,,,,,
,,,,,-,,,,,,,,,,,,,,
,,,,,-,,,,,,,,,,,,,,
,,,,,-,,,,,,,,,,,,,,
,,,,,-,,,,,,,,,,,,,,
,,,,,-,,,,,,,,,,,,,,
,,,,,-,,,,,,,,,,,,,,
,,,,,-,,,,,,,,,,,,,,
,,,,,-,,,,,,,,,,,,,,
,,,,,-,,,,,,,,,,,,,,
,,,,,-,,,,,,,,,,,,,,
,,,,,-,,,,,,,,,,,,,,
,,,,,-,,,,,,,,,,,,,,
,,,,,-,,,,,,,,,,,,,,
,,,,,-,,,,,,,,,,,,,,
,,,,,-,,,,,,,,,,,,,,
,,,,,-,,,,,,,,,,,,,,
,,,,,-,,,,,,,,,,,,,,
,,,,,-,,,,,,,,,,,,,,
,,,,,-,,,,,,,,,,,,,,
,,,,,-,,,,,,,,,,,,,,
,,,,,-,,,,,,,,,,,,,,
,,,,,-,,,,,,,,,,,,,,
,,,,,-,,,,,,,,,,,,,,
,,,,,-,,,,,,,,,,,,,,
,,,,,-,,,,,,,,,,,,,,
,,,,,-,,,,,,,,,,,,,,
,,,,,-,,,,,,,,,,,,,,
,,,,,-,,,,,,,,,,,,,,
,,,,,-,,,,,,,,,,,,,,
,,,,,-,,,,,,,,,,,,,,
,,,,,-,,,,,,,,,,,,,,
,,,,,-,,,,,,,,,,,,,,
,,,,,-,,,,,,,,,,,,,,
,,,,,-,,,,,,,,,,,,,,
,,,,,-,,,,,,,,,,,,,,
,,,,,-,,,,,,,,,,,,,,
,,,,,-,,,,,,,,,,,,,,
,,,,,-,,,,,,,,,,,,,,
,,,,,-,,,,,,,,,,,,,,
,,,,,-,,,,,,,,,,,,,,
,,,,,-,,,,,,,,,,,,,,
,,,,,-,,,,,,,,,,,,,,
,,,,,-,,,,,,,,,,,,,,
,,,,,-,,,,,,,,,,,,,,
,,,,,-,,,,,,,,,,,,,,
,,,,,-,,,,,,,,,,,,,,
,,,,,-,,,,,,,,,,,,,,
,,,,,-,,,,,,,,,,,,,,
,,,,,-,,,,,,,,,,,,,,
,,,,,-,,,,,,,,,,,,,,
,,,,,-,,,,,,,,,,,,,,
,,,,,-,,,,,,,,,,,,,,
,,,,,-,,,,,,,,,,,,,,
,,,,,-,,,,,,,,,,,,,,
,,,,,-,,,,,,,,,,,,,,
,,,,,-,,,,,,,,,,,,,,
,,,,,-,,,,,,,,,,,,,,
,,,,,-,,,,,,,,,,,,,,
,,,,,-,,,,,,,,,,,,,,
,,,,,-,,,,,,,,,,,,,,
,,,,,-,,,,,,,,,,,,,,
,,,,,-,,,,,,,,,,,,,,
,,,,,-,,,,,,,,,,,,,,
,,,,,-,,,,,,,,,,,,,,
,,,,,-,,,,,,,,,,,,,,
,,,,,-,,,,,,,,,,,,,,
,,,,,-,,,,,,,,,,,,,,
,,,,,-,,,,,,,,,,,,,,
,,,,,-,,,,,,,,,,,,,,
,,,,,-,,,,,,,,,,,,,,
,,,,,-,,,,,,,,,,,,,,
,,,,,-,,,,,,,,,,,,,,
,,,,,-,,,,,,,,,,,,,,
,,,,,-,,,,,,,,,,,,,,
,,,,,-,,,,,,,,,,,,,,
,,,,,-,,,,,,,,,,,,,,
,,,,,-,,,,,,,,,,,,,,
,,,,,-,,,,,,,,,,,,,,
,,,,,-,,,,,,,,,,,,,,
,,,,,-,,,,,,,,,,,,,,
,,,,,-,,,,,,,,,,,,,,
,,,,,-,,,,,,,,,,,,,,
,,,,,-,,,,,,,,,,,,,,
,,,,,-,,,,,,,,,,,,,,
,,,,,-,,,,,,,,,,,,,,
,,,,,-,,,,,,,,,,,,,,
,,,,,-,,,,,,,,,,,,,,
,,,,,-,,,,,,,,,,,,,,
,,,,,-,,,,,,,,,,,,,,
,,,,,-,,,,,,,,,,,,,,
,,,,,-,,,,,,,,,,,,,,
,,,,,-,,,,,,,,,,,,,,
,,,,,-,,,,,,,,,,,,,,
,,,,,-,,,,,,,,,,,,,,
,,,,,-,,,,,,,,,,,,,,
,,,,,-,,,,,,,,,,,,,,
,,,,,-,,,,,,,,,,,,,,
,,,,,-,,,,,,,,,,,,,,
,,,,,-,,,,,,,,,,,,,,
,,,,,-,,,,,,,,,,,,,,
,,,,,-,,,,,,,,,,,,,,
,,,,,-,,,,,,,,,,,,,,
,,,,,-,,,,,,,,,,,,,,
,,,,,-,,,,,,,,,,,,,,
,,,,,-,,,,,,,,,,,,,,
,,,,,-,,,,,,,,,,,,,,
,,,,,-,,,,,,,,,,,,,,
,,,,,-,,,,,,,,,,,,,,
,,,,,-,,,,,,,,,,,,,,
,,,,,-,,,,,,,,,,,,,,
,,,,,-,,,,,,,,,,,,,,
,,,,,-,,,,,,,,,,,,,,
,,,,,-,,,,,,,,,,,,,,
,,,,,-,,,,,,,,,,,,,,
,,,,,-,,,,,,,,,,,,,,
,,,,,-,,,,,,,,,,,,,,
,,,,,-,,,,,,,,,,,,,,
,,,,,-,,,,,,,,,,,,,,
,,,,,-,,,,,,,,,,,,,,
,,,,,-,,,,,,,,,,,,,,
,,,,,-,,,,,,,,,,,,,,
,,,,,-,,,,,,,,,,,,,,
,,,,,-,,,,,,,,,,,,,,
,,,,,-,,,,,,,,,,,,,,
,,,,,-,,,,,,,,,,,,,,
,,,,,-,,,,,,,,,,,,,,
,,,,,-,,,,,,,,,,,,,,
,,,,,-,,,,,,,,,,,,,,
,,,,,-,,,,,,,,,,,,,,
,,,,,-,,,,,,,,,,,,,,
,,,,,-,,,,,,,,,,,,,,
,,,,,-,,,,,,,,,,,,,,
,,,,,-,,,,,,,,,,,,,,
,,,,,-,,,,,,,,,,,,,,
,,,,,-,,,,,,,,,,,,,,
,,,,,-,,,,,,,,,,,,,,
,,,,,-,,,,,,,,,,,,,,
,,,,,-,,,,,,,,,,,,,,
,,,,,-,,,,,,,,,,,,,,
,,,,,-,,,,,,,,,,,,,,
,,,,,-,,,,,,,,,,,,,,
,,,,,-,,,,,,,,,,,,,,
,,,,,-,,,,,,,,,,,,,,
,,,,,-,,,,,,,,,,,,,,
,,,,,,,,,,,,,,,,,https://www.proec.unicamp.br/eventos,0.0,Eventos
,,,,,,,,,,,,,,,,,https://www.proec.unicamp.br/eventos,1.0,Nossa agenda de eventos
,,,,,,,,,,,,,,,,,https://www.proec.unicamp.br/eventos,2.0,04
,,,,,,,,,,,,,,,,,https://www.proec.unicamp.br/eventos,3.0,ago
,,,,,,,,,,,,,,,,,https://www.proec.unicamp.br/eventos,4.0,Fórum Permanente: Saúde da população negra e LGBTQIA+: o desafio da inclusão.
,,,,,,,,,,,,,,,,,https://www.proec.unicamp.br/eventos,4.0,
,,,,,,,,,,,,,,,,,https://www.proec.unicamp.br/eventos,5.0,07
,,,,,,,,,,,,,,,,,https://www.proec.unicamp.br/eventos,6.0,ago
,,,,,,,,,,,,,,,,,https://www.proec.unicamp.br/eventos,7.0,Fórum Permanente: A medição da Pobreza Multidimensional por meio da abordagem consensual.
,,,,,,,,,,,,,,,,,https://www.proec.unicamp.br/eventos,8.0,08
,,,,,,,,,,,,,,,,,https://www.proec.unicamp.br/eventos,9.0,ago
,,,,,,,,,,,,,,,,,https://www.proec.unicamp.br/eventos,10.0,Fórum Permanente: E-sports são esportes?
,,,,,,,,,,,,,,,,,https://www.proec.unicamp.br/eventos,11.0,09
,,,,,,,,,,,,,,,,,https://www.proec.unicamp.br/eventos,12.0,ago
,,,,,,,,,,,,,,,,,https://www.proec.unicamp.br/eventos,13.0,Fórum Permanente: A Lei Geral de Proteção de Dados Pessoais e as Universidades Estaduais Paulistas.
,,,,,,,,,,,,,,,,,https://www.proec.unicamp.br/eventos,14.0,FÓRUNS
,,,,,,,,,,,,,,,,,https://www.proec.unicamp.br/eventos,15.0,"Início:
                04/08/2023, 09:00"
,,,,,,,,,,,,,,,,,https://www.proec.unicamp.br/eventos,16.0,"Fim:
                04/08/2023, 17:00"
,,,,,,,,,,,,,,,,,https://www.proec.unicamp.br/eventos,17.0,FÓRUNS
,,,,,,,,,,,,,,,,,https://www.proec.unicamp.br/eventos,18.0,"Início:
                07/08/2023, 09:00"
,,,,,,,,,,,,,,,,,https://www.proec.unicamp.br/eventos,19.0,"Fim:
                07/08/2023, 17:00"
,,,,,,,,,,,,,,,,,https://www.proec.unicamp.br/eventos,20.0,FÓRUNS
,,,,,,,,,,,,,,,,,https://www.proec.unicamp.br/eventos,21.0,"Início:
                08/08/2023, 09:00"
,,,,,,,,,,,,,,,,,https://www.proec.unicamp.br/eventos,22.0,"Fim:
                08/08/2023, 17:00"
,,,,,,,,,,,,,,,,,https://www.proec.unicamp.br/eventos,23.0,FÓRUNS
,,,,,,,,,,,,,,,,,https://www.proec.unicamp.br/eventos,24.0,"Início:
                09/08/2023, 09:00"
,,,,,,,,,,,,,,,,,https://www.proec.unicamp.br/eventos,25.0,"Fim:
                09/08/2023, 17:00"
,,,,,,,,,,,,,,,,,https://www.proec.unicamp.br/eventos,26.0,© Pró-Reitoria de Extensão e Cultura.
,,,,,,,,,,,,,,,,,https://www.proec.unicamp.br/eventos,26.0,"Desenvolvido por DTIC - Diretoria de Tecnologia da Informação e Comunicação
"
,,,,,,,,,,,,,,,,,https://www.proec.unicamp.br,0.0,Fórum Permanente: A medição da Pobreza Multidimensional por meio da abordagem consensual.
,,,,,,,,,,,,,,,,,https://www.proec.unicamp.br,1.0,Sobre a ProEC
,,,,,,,,,,,,,,,,,https://www.proec.unicamp.br,2.0,ProEC Vídeos
,,,,,,,,,,,,,,,,,https://www.proec.unicamp.br,3.0,Acontece
,,,,,,,,,,,,,,,,,https://www.proec.unicamp.br,4.0,Fórum Especial - 20 Anos: Direitos Humanos na Prática:
,,,,,,,,,,,,,,,,,https://www.proec.unicamp.br,5.0,Além da Guerra às Drogas: 
,,,,,,,,,,,,,,,,,https://www.proec.unicamp.br,6.0,A Lei Geral de Proteção de Dados Pessoais e as Universidades Estaduais Paulistas
,,,,,,,,,,,,,,,,,https://www.proec.unicamp.br,7.0,E-sports são esportes?
,,,,,,,,,,,,,,,,,https://www.proec.unicamp.br,8.0,Sobre
,,,,,,,,,,,,,,,,,https://www.proec.unicamp.br,9.0,Localização
,,,,,,,,,,,,,,,,,https://www.proec.unicamp.br,10.0,Redes Sociais
,,,,,,,,,,,,,,,,,https://www.proec.unicamp.br,11.0,.
,,,,,,,,,,,,,,,,,https://www.proec.unicamp.br,12.0,"Em 2021, a Unicamp entrou  em terceiro lugar na lista das universidades com melhor reputação do mundo, de acordo com o ranking Times Higher Education (THE) World Reputation."
,,,,,,,,,,,,,,,,,https://www.proec.unicamp.br,12.0,"Essa conquista aumenta a responsabilidade social desta instituição pública, tanto por meio da formação de profissionais altamente qualificados quanto no desenvolvimento de projetos que promovam interação entre a academia e a sociedade."
,,,,,,,,,,,,,,,,,https://www.proec.unicamp.br,13.0,"Na Unicamp, a Pró Reitoria de Extensão e Cultura tem como missão coordenar e estimular atividades e projetos de Extensão e Cultura que, por meio do diálogo e da multidisciplinaridade, tenham aplicação contínua em comunidades não somente da Região Metropolitana de Campinas (RMC), mas também de vários lugares do Brasil e de outros países."
,,,,,,,,,,,,,,,,,https://www.proec.unicamp.br,14.0,"Com o cuidado de não separar ensino, pesquisa e extensão, a Unicamp constrói tradição de interação com a sociedade, por meio de acordos de cooperação com órgãos do governo e da iniciativa privada."
,,,,,,,,,,,,,,,,,https://www.proec.unicamp.br,15.0,"A extensão promove uma transformação social positiva, realizada por professores, pesquisadores, alunos e colaboradores da Universidade."
,,,,,,,,,,,,,,,,,https://www.proec.unicamp.br,16.0,DESTAQUE
,,,,,,,,,,,,,,,,,https://www.proec.unicamp.br,17.0,Assista aos vídeos produzidos pela ProEC.
,,,,,,,,,,,,,,,,,https://www.proec.unicamp.br,18.0,Fique por dentro de nossas atividades
,,,,,,,,,,,,,,,,,https://www.proec.unicamp.br,19.0,NOTÍCIA
,,,,,,,,,,,,,,,,,https://www.proec.unicamp.br,20.0,Publicado em 31/07/2023
,,,,,,,,,,,,,,,,,https://www.proec.unicamp.br,21.0,NOTÍCIA
,,,,,,,,,,,,,,,,,https://www.proec.unicamp.br,22.0,Publicado em 24/07/2023
,,,,,,,,,,,,,,,,,https://www.proec.unicamp.br,23.0,NOTÍCIA
,,,,,,,,,,,,,,,,,https://www.proec.unicamp.br,24.0,Publicado em 24/07/2023
,,,,,,,,,,,,,,,,,https://www.proec.unicamp.br,25.0,NOTÍCIA
,,,,,,,,,,,,,,,,,https://www.proec.unicamp.br,26.0,Publicado em 20/07/2023
,,,,,,,,,,,,,,,,,https://www.proec.unicamp.br,27.0,#SomosPROEC
,,,,,,,,,,,,,,,,,https://www.proec.unicamp.br,28.0,Conheça todos os órgãos que são parte da Pró-Reitoria de Extensão e Cultura.
,,,,,,,,,,,,,,,,,https://www.proec.unicamp.br,29.0,Pró-Reitoria de Extensão e Cultura
,,,,,,,,,,,,,,,,,https://www.proec.unicamp.br,30.0,Prof.
,,,,,,,,,,,,,,,,,https://www.proec.unicamp.br,30.0,Dr.
,,,,,,,,,,,,,,,,,https://www.proec.unicamp.br,30.0,Fernando Antônio Santos Coelho
,,,,,,,,,,,,,,,,,https://www.proec.unicamp.br,31.0,"+55 (19) 3521-4741
						proec@unicamp.br"
,,,,,,,,,,,,,,,,,https://www.proec.unicamp.br,32.0,"
						Rua da Reitoria, 121
						Cidade Universitária “Zeferino Vaz”
						Barão Geraldo - Unicamp
						13083-872
						Campinas – SP"
,,,,,,,,,,,,,,,,,https://www.proec.unicamp.br,33.0,© Pró-Reitoria de Extensão e Cultura.
,,,,,,,,,,,,,,,,,https://www.proec.unicamp.br,33.0,"Desenvolvido por DTIC - Diretoria de Tecnologia da Informação e Comunicação
"
,,,,,,,,,,,,,,,,,https://www.proec.unicamp.br/,0.0,Fórum Permanente: A medição da Pobreza Multidimensional por meio da abordagem consensual.
,,,,,,,,,,,,,,,,,https://www.proec.unicamp.br/,1.0,Sobre a ProEC
,,,,,,,,,,,,,,,,,https://www.proec.unicamp.br/,2.0,ProEC Vídeos
,,,,,,,,,,,,,,,,,https://www.proec.unicamp.br/,3.0,Acontece
,,,,,,,,,,,,,,,,,https://www.proec.unicamp.br/,4.0,Fórum Especial - 20 Anos: Direitos Humanos na Prática:
,,,,,,,,,,,,,,,,,https://www.proec.unicamp.br/,5.0,Além da Guerra às Drogas: 
,,,,,,,,,,,,,,,,,https://www.proec.unicamp.br/,6.0,A Lei Geral de Proteção de Dados Pessoais e as Universidades Estaduais Paulistas
,,,,,,,,,,,,,,,,,https://www.proec.unicamp.br/,7.0,E-sports são esportes?
,,,,,,,,,,,,,,,,,https://www.proec.unicamp.br/,8.0,Sobre
,,,,,,,,,,,,,,,,,https://www.proec.unicamp.br/,9.0,Localização
,,,,,,,,,,,,,,,,,https://www.proec.unicamp.br/,10.0,Redes Sociais
,,,,,,,,,,,,,,,,,https://www.proec.unicamp.br/,11.0,.
,,,,,,,,,,,,,,,,,https://www.proec.unicamp.br/,12.0,"Em 2021, a Unicamp entrou  em terceiro lugar na lista das universidades com melhor reputação do mundo, de acordo com o ranking Times Higher Education (THE) World Reputation."
,,,,,,,,,,,,,,,,,https://www.proec.unicamp.br/,12.0,"Essa conquista aumenta a responsabilidade social desta instituição pública, tanto por meio da formação de profissionais altamente qualificados quanto no desenvolvimento de projetos que promovam interação entre a academia e a sociedade."
,,,,,,,,,,,,,,,,,https://www.proec.unicamp.br/,13.0,"Na Unicamp, a Pró Reitoria de Extensão e Cultura tem como missão coordenar e estimular atividades e projetos de Extensão e Cultura que, por meio do diálogo e da multidisciplinaridade, tenham aplicação contínua em comunidades não somente da Região Metropolitana de Campinas (RMC), mas também de vários lugares do Brasil e de outros países."
,,,,,,,,,,,,,,,,,https://www.proec.unicamp.br/,14.0,"Com o cuidado de não separar ensino, pesquisa e extensão, a Unicamp constrói tradição de interação com a sociedade, por meio de acordos de cooperação com órgãos do governo e da iniciativa privada."
,,,,,,,,,,,,,,,,,https://www.proec.unicamp.br/,15.0,"A extensão promove uma transformação social positiva, realizada por professores, pesquisadores, alunos e colaboradores da Universidade."
,,,,,,,,,,,,,,,,,https://www.proec.unicamp.br/,16.0,DESTAQUE
,,,,,,,,,,,,,,,,,https://www.proec.unicamp.br/,17.0,Assista aos vídeos produzidos pela ProEC.
,,,,,,,,,,,,,,,,,https://www.proec.unicamp.br/,18.0,Fique por dentro de nossas atividades
,,,,,,,,,,,,,,,,,https://www.proec.unicamp.br/,19.0,NOTÍCIA
,,,,,,,,,,,,,,,,,https://www.proec.unicamp.br/,20.0,Publicado em 31/07/2023
,,,,,,,,,,,,,,,,,https://www.proec.unicamp.br/,21.0,NOTÍCIA
,,,,,,,,,,,,,,,,,https://www.proec.unicamp.br/,22.0,Publicado em 24/07/2023
,,,,,,,,,,,,,,,,,https://www.proec.unicamp.br/,23.0,NOTÍCIA
,,,,,,,,,,,,,,,,,https://www.proec.unicamp.br/,24.0,Publicado em 24/07/2023
,,,,,,,,,,,,,,,,,https://www.proec.unicamp.br/,25.0,NOTÍCIA
,,,,,,,,,,,,,,,,,https://www.proec.unicamp.br/,26.0,Publicado em 20/07/2023
,,,,,,,,,,,,,,,,,https://www.proec.unicamp.br/,27.0,#SomosPROEC
,,,,,,,,,,,,,,,,,https://www.proec.unicamp.br/,28.0,Conheça todos os órgãos que são parte da Pró-Reitoria de Extensão e Cultura.
,,,,,,,,,,,,,,,,,https://www.proec.unicamp.br/,29.0,Pró-Reitoria de Extensão e Cultura
,,,,,,,,,,,,,,,,,https://www.proec.unicamp.br/,30.0,Prof.
,,,,,,,,,,,,,,,,,https://www.proec.unicamp.br/,30.0,Dr.
,,,,,,,,,,,,,,,,,https://www.proec.unicamp.br/,30.0,Fernando Antônio Santos Coelho
,,,,,,,,,,,,,,,,,https://www.proec.unicamp.br/,31.0,"+55 (19) 3521-4741
						proec@unicamp.br"
,,,,,,,,,,,,,,,,,https://www.proec.unicamp.br/,32.0,"
						Rua da Reitoria, 121
						Cidade Universitária “Zeferino Vaz”
						Barão Geraldo - Unicamp
						13083-872
						Campinas – SP"
,,,,,,,,,,,,,,,,,https://www.proec.unicamp.br/,33.0,© Pró-Reitoria de Extensão e Cultura.
,,,,,,,,,,,,,,,,,https://www.proec.unicamp.br/,33.0,"Desenvolvido por DTIC - Diretoria de Tecnologia da Informação e Comunicação
"
,,,,,,,,,,,,,,,,,https://www.proec.unicamp.br/editais_ead,0.0,EAD
,,,,,,,,,,,,,,,,,https://www.proec.unicamp.br/editais_ead,1.0,Fique por dentro dos editais
,,,,,,,,,,,,,,,,,https://www.proec.unicamp.br/editais_ead,2.0,EDITAL PROEC-EAD 01/2021 - DIVULGAÇÃO DO RESULTADO FINAL
,,,,,,,,,,,,,,,,,https://www.proec.unicamp.br/editais_ead,3.0,EDITAL PROEC-EAD 01/2021 - DIVULGAÇÃO DO RESULTADO PRELIMINAR
,,,,,,,,,,,,,,,,,https://www.proec.unicamp.br/editais_ead,4.0,DIVULGAÇÃO DO RESULTADO FINAL DOS PROJETOS SELECIONADOS
,,,,,,,,,,,,,,,,,https://www.proec.unicamp.br/editais_ead,5.0,EDITAL ProEC-EAD 01/2021 - CHAMADA PARA SELEÇÃO DE PROJETOS PARA DESENVOLVIMENTO E OFERECIMENTO DE CURSOS DE EXTENSÃO A DISTÂNCIA 
,,,,,,,,,,,,,,,,,https://www.proec.unicamp.br/editais_ead,6.0,SELEÇÃO DE PROJETOS PARA DESENVOLVIMENTO E OFERECIMENTO DE CURSOS DE EXTENSÃO A DISTÂNCIA
,,,,,,,,,,,,,,,,,https://www.proec.unicamp.br/editais_ead,7.0,DIVULGAÇÃO DO RESULTADO FINAL
,,,,,,,,,,,,,,,,,https://www.proec.unicamp.br/editais_ead,8.0,Relação dos Projetos Classificados após o prazo recursal:
,,,,,,,,,,,,,,,,,https://www.proec.unicamp.br/editais_ead,9.0,"Cada professor proponente receberá um email individual, com um link para acessar a avaliação completa e os comentários dos avaliadores referentes ao seu projeto."
,,,,,,,,,,,,,,,,,https://www.proec.unicamp.br/editais_ead,10.0,REUNIÃO DE ORIENTAÇÃO - PROGRAME-SE:
,,,,,,,,,,,,,,,,,https://www.proec.unicamp.br/editais_ead,11.0,Será realizada uma reunião com os responsáveis pelos projetos contemplados e suas equipes em:
,,,,,,,,,,,,,,,,,https://www.proec.unicamp.br/editais_ead,12.0,"Data: 10 de maio de 2021 - terça-feira
          Horário: 14h30 às 16h30
          Local: Educorp - Sala Multiuso 2"
,,,,,,,,,,,,,,,,,https://www.proec.unicamp.br/editais_ead,13.0,COMPOSIÇÃO DA COMISSÃO AVALIADORA
,,,,,,,,,,,,,,,,,https://www.proec.unicamp.br/editais_ead,14.0,ProEC - Pró-Reitoria de Extensão e Cultura
,,,,,,,,,,,,,,,,,https://www.proec.unicamp.br/editais_ead,15.0,SELEÇÃO DE PROJETOS PARA DESENVOLVIMENTO E OFERECIMENTO DE CURSOS DE EXTENSÃO A DISTÂNCIA
,,,,,,,,,,,,,,,,,https://www.proec.unicamp.br/editais_ead,16.0,DIVULGAÇÃO DO RESULTADO PRELIMINAR
,,,,,,,,,,,,,,,,,https://www.proec.unicamp.br/editais_ead,17.0,Relação dos Projetos Classificados antes do prazo recursal:
,,,,,,,,,,,,,,,,,https://www.proec.unicamp.br/editais_ead,18.0,"Cada professor proponente receberá um email individual, com um link para acessar a avaliação completa e os comentários dos avaliadores referentes ao seu projeto."
,,,,,,,,,,,,,,,,,https://www.proec.unicamp.br/editais_ead,19.0,"A relação definitiva dos Projetos Selecionados só será divulgada após o período de análise dos recursos, conforme Cronograma do Edital."
,,,,,,,,,,,,,,,,,https://www.proec.unicamp.br/editais_ead,20.0,PROGRAME-SE
,,,,,,,,,,,,,,,,,https://www.proec.unicamp.br/editais_ead,21.0,Será realizada uma reunião com os responsáveis pelos projetos contemplados e suas equipes em:
,,,,,,,,,,,,,,,,,https://www.proec.unicamp.br/editais_ead,22.0,"Data: 10 de maio de 2021 - terça-feira
          Horário: 14h30 às 16h30
          Local: Educorp - Sala Multiuso 2"
,,,,,,,,,,,,,,,,,https://www.proec.unicamp.br/editais_ead,23.0,COMPOSIÇÃO DA COMISSÃO AVALIADORA
,,,,,,,,,,,,,,,,,https://www.proec.unicamp.br/editais_ead,24.0,ProEC - Pró-Reitoria de Extensão e Cultura
,,,,,,,,,,,,,,,,,https://www.proec.unicamp.br/editais_ead,25.0,A ProEC lança Edital com chamada para apresentação de Projetos para desenvolvimento e oferecimento de Cursos de Extensão a distância.
,,,,,,,,,,,,,,,,,https://www.proec.unicamp.br/editais_ead,25.0,
,,,,,,,,,,,,,,,,,https://www.proec.unicamp.br/editais_ead,26.0,"O objetivo deste Edital é fomentar o desenvolvimento e o oferecimento de cursos de extensão totalmente a distância via web, com o uso intensivo das Tecnologias Digitais de Informação e Comunicação - TDICs como ferramentas de apoio, visando ampliar o número de vagas e alcance geográfico dos alunos nos cursos de extensão:"
,,,,,,,,,,,,,,,,,https://www.proec.unicamp.br/editais_ead,27.0,"Cada projeto selecionado poderá receber até R$ 20.000,00 para pagamento de prestação de serviços, bolsas de monitoria para alunos de graduação e de pós-graduação e também para aquisição de materiais e de equipamentos, a serem utilizados exclusivamente no desenvolvimento e/ou oferecimento do curso."
,,,,,,,,,,,,,,,,,https://www.proec.unicamp.br/editais_ead,27.0,
,,,,,,,,,,,,,,,,,https://www.proec.unicamp.br/editais_ead,28.0,O prazo para submissão dos projetos vai até dia 17 de fevereiro de 2022 e o início do oferecimento dos cursos deve ocorrer até 01 de março de 2023.
,,,,,,,,,,,,,,,,,https://www.proec.unicamp.br/editais_ead,29.0,"Poderão submeter projetos a este Edital todos os docentes da Unicamp, de qualquer área do conhecimento."
,,,,,,,,,,,,,,,,,https://www.proec.unicamp.br/editais_ead,29.0,"As inscrições serão feitas on line, diretamente na área do professor, no sistema de Administração de Cursos da Extecamp neste endereço: https://www.extecamp.unicamp.br/professor ."
,,,,,,,,,,,,,,,,,https://www.proec.unicamp.br/editais_ead,30.0,"Para solicitar a criação de conta na área do professor ou para outras informações, enviar email para editais.ead@extecamp.unicamp.br, informando nome completo, matrícula e email institucional."
,,,,,,,,,,,,,,,,,https://www.proec.unicamp.br/editais_ead,31.0,Faremos uma reunião para orientação e esclarecimento de dúvidas referentes a esse Edital em:
,,,,,,,,,,,,,,,,,https://www.proec.unicamp.br/editais_ead,32.0,"Data: 10 de dezembro de 2021 - sexta-feira
             Horário: 10h às 11h30
             Local: Reunião virtual - o link da reunião será enviado para os inscritos na reunião"
,,,,,,,,,,,,,,,,,https://www.proec.unicamp.br/editais_ead,33.0,Faça sua inscrição em: https://sistemas.proec.unicamp.br/admin/inscritos/novo/740
,,,,,,,,,,,,,,,,,https://www.proec.unicamp.br/editais_ead,34.0,Mais informações:
,,,,,,,,,,,,,,,,,https://www.proec.unicamp.br/editais_ead,35.0,"Clique aqui para visualizar o texto completo deste Edital
Clique aqui para ver o vídeo sobre o lançamento deste Edital
"
,,,,,,,,,,,,,,,,,https://www.proec.unicamp.br/editais_ead,36.0,© Pró-Reitoria de Extensão e Cultura.
,,,,,,,,,,,,,,,,,https://www.proec.unicamp.br/editais_ead,36.0,"Desenvolvido por DTIC - Diretoria de Tecnologia da Informação e Comunicação
"
,,,,,,,,,,,,,,,,,https://www.proec.unicamp.br/equipe,0.0,Equipe
,,,,,,,,,,,,,,,,,https://www.proec.unicamp.br/equipe,1.0,Quem somos
,,,,,,,,,,,,,,,,,https://www.proec.unicamp.br/equipe,2.0,Pró-reitoria
,,,,,,,,,,,,,,,,,https://www.proec.unicamp.br/equipe,3.0,Prof.
,,,,,,,,,,,,,,,,,https://www.proec.unicamp.br/equipe,3.0,Dr.
,,,,,,,,,,,,,,,,,https://www.proec.unicamp.br/equipe,3.0,Fernando Antonio Santos Coelho
,,,,,,,,,,,,,,,,,https://www.proec.unicamp.br/equipe,4.0,Assessores
,,,,,,,,,,,,,,,,,https://www.proec.unicamp.br/equipe,5.0,Prof.
,,,,,,,,,,,,,,,,,https://www.proec.unicamp.br/equipe,5.0,Dr.
,,,,,,,,,,,,,,,,,https://www.proec.unicamp.br/equipe,5.0,Marco Aurélio Cremasco
,,,,,,,,,,,,,,,,,https://www.proec.unicamp.br/equipe,6.0,Prof.
,,,,,,,,,,,,,,,,,https://www.proec.unicamp.br/equipe,6.0,Dr.
,,,,,,,,,,,,,,,,,https://www.proec.unicamp.br/equipe,6.0,José Luiz da Costa
,,,,,,,,,,,,,,,,,https://www.proec.unicamp.br/equipe,7.0,Assessoria Técnica
,,,,,,,,,,,,,,,,,https://www.proec.unicamp.br/equipe,8.0,Simone Cristina Ferreira
,,,,,,,,,,,,,,,,,https://www.proec.unicamp.br/equipe,9.0,Assistência Técnica
,,,,,,,,,,,,,,,,,https://www.proec.unicamp.br/equipe,10.0,Ana Paula G.
,,,,,,,,,,,,,,,,,https://www.proec.unicamp.br/equipe,10.0,Sidoti
,,,,,,,,,,,,,,,,,https://www.proec.unicamp.br/equipe,11.0,Projetores Estratégicos
,,,,,,,,,,,,,,,,,https://www.proec.unicamp.br/equipe,12.0,Isabel Cristina Araujo Floriano
,,,,,,,,,,,,,,,,,https://www.proec.unicamp.br/equipe,13.0,Marcus Lüders
,,,,,,,,,,,,,,,,,https://www.proec.unicamp.br/equipe,14.0,Renata França Marangoni
,,,,,,,,,,,,,,,,,https://www.proec.unicamp.br/equipe,15.0,Clique aqui para visualizar o histórico de Ex-Pró-Reitores
,,,,,,,,,,,,,,,,,https://www.proec.unicamp.br/equipe,16.0,
,,,,,,,,,,,,,,,,,https://www.proec.unicamp.br/equipe,17.0,proreitor@proec.unicamp.br+55 19 3521-4741
,,,,,,,,,,,,,,,,,https://www.proec.unicamp.br/equipe,18.0,Visualizar Currículo Lattes
,,,,,,,,,,,,,,,,,https://www.proec.unicamp.br/equipe,19.0,Graduação em Farmácia Industrial (UFRJ - 1979).
,,,,,,,,,,,,,,,,,https://www.proec.unicamp.br/equipe,19.0,Mestrado em Síntese de Produtos Naturais ( NPPN/UFRJ - 1983).
,,,,,,,,,,,,,,,,,https://www.proec.unicamp.br/equipe,19.0,Doutorado de Estado em Ciências Físicas (Doctorat D`État Ès Sciences Physiques - Université Joseph Fourier de Grenoble - 1987).
,,,,,,,,,,,,,,,,,https://www.proec.unicamp.br/equipe,19.0,Professor da Université de Grenoble e pesquisador do Laboratoire d´Études Structurales et de la Selectivité III (09/87 a 07/88).
,,,,,,,,,,,,,,,,,https://www.proec.unicamp.br/equipe,19.0,Chefe da Divisão de Síntese da Gerência de Pesquisa e Desenvolvimento da Salgema Indústrias-Química S/A em Maceió/AL (09/89 a 06/95).
,,,,,,,,,,,,,,,,,https://www.proec.unicamp.br/equipe,19.0,Professor Titular desde de janeiro de 2011.
,,,,,,,,,,,,,,,,,https://www.proec.unicamp.br/equipe,19.0,Já publicou mais de 100 trabalhos científicos.
,,,,,,,,,,,,,,,,,https://www.proec.unicamp.br/equipe,19.0,"Orientou 42 teses e dissertações, 16 estágios de pós-doutorados e vários trabalhos de iniciação científica, a nível nacional e internacional."
,,,,,,,,,,,,,,,,,https://www.proec.unicamp.br/equipe,19.0,Diretor da Divisão de Química Orgânica da Sociedade Brasileira de Química (2002-2004).
,,,,,,,,,,,,,,,,,https://www.proec.unicamp.br/equipe,19.0,Chefe do Departamento de Química Orgânica do Instituto de Química da UNICAMP (biênios 2000-2002; 2002-2004; 2006-2008; 2018-).
,,,,,,,,,,,,,,,,,https://www.proec.unicamp.br/equipe,19.0,Assessor da Pró-Reitoria de Pesquisa da Unicamp (quadriênio 2013-2017).
,,,,,,,,,,,,,,,,,https://www.proec.unicamp.br/equipe,19.0,Contemplado com o Prêmio de Reconhecimento Acadêmico Zeferino Vaz (maior distinção em Pesquisa na Unicamp) em 2012.
,,,,,,,,,,,,,,,,,https://www.proec.unicamp.br/equipe,19.0,"Tem experiência na área de Química, com ênfase em Síntese Orgânica, atuando principalmente nos seguintes temas: Estudos mecanísticos e aplicações sintéticas da reação de Morita-Baylis-Hillman, Química Orgânica sintética, Organocatálise, Síntese Assimétrica de Fármacos e Produtos Naturais Biologicamente ativos e Gerenciamento de Resíduos Químicos."
,,,,,,,,,,,,,,,,,https://www.proec.unicamp.br/equipe,20.0,
,,,,,,,,,,,,,,,,,https://www.proec.unicamp.br/equipe,21.0,cremasco@unicamp.br
,,,,,,,,,,,,,,,,,https://www.proec.unicamp.br/equipe,22.0,Visualizar Currículo Lattes
,,,,,,,,,,,,,,,,,https://www.proec.unicamp.br/equipe,23.0,"Professor Titular em Engenharia Química e Livre Docente em Transferência de Massa, o prof."
,,,,,,,,,,,,,,,,,https://www.proec.unicamp.br/equipe,23.0,"Marco Cremasco possui graduação em Engenharia Química pela Universidade Estadual de Maringá, mestrado em Engenharia Química pela Universidade Federal do Rio de Janeiro, doutorado em Engenharia Mecânica pela Universidade Estadual de Campinas (Unicamp), pós doutorado em Engenharia Química (Purdue University-EUA)."
,,,,,,,,,,,,,,,,,https://www.proec.unicamp.br/equipe,23.0,É professor na Faculdade de Engenharia Química (FEQ) da Unicamp desde 1986.
,,,,,,,,,,,,,,,,,https://www.proec.unicamp.br/equipe,23.0,"Foi agraciado, em 2012, com o Prêmio de Reconhecimento Docente pela Dedicação ao Ensino de Graduação, pela Unicamp."
,,,,,,,,,,,,,,,,,https://www.proec.unicamp.br/equipe,23.0,Em 2017 e 2019 recebeu o Prêmio Inventores Unicamp.
,,,,,,,,,,,,,,,,,https://www.proec.unicamp.br/equipe,23.0,O prof.
,,,,,,,,,,,,,,,,,https://www.proec.unicamp.br/equipe,23.0,"Cremasco foi coordenador do Serviço de Apoio ao Estudante (SAE) (2002 – 2006), chefe, em duas gestões, do então Departamento de Termofluidodinâmica(DTF/FEQ) (2000 – 2002; 2010 – 2012), chefe do Departamento de Engenharia de Processos (DEPro/FEQ) (2016 – 2018), vice-presidente da Associação Brasileira de Engenharia Química – ABEQ (2002-2004), coeditor da Babel – Revista de Poesia, Tradução e Crítica (2000 – 2002), membro do Conselho Editorial da Editora da Unicamp (2014 – 2018)."
,,,,,,,,,,,,,,,,,https://www.proec.unicamp.br/equipe,23.0,O prof.
,,,,,,,,,,,,,,,,,https://www.proec.unicamp.br/equipe,23.0,"Marco Cremasco possui cerca de duzentos artigos completos publicados em revistas especializadas e anais de congressos, quatro patentes concedidas e solicitação de outras duas."
,,,,,,,,,,,,,,,,,https://www.proec.unicamp.br/equipe,23.0,"Tem quatorze livros publicados entre obras técnicas, romances, contos, crônicas e poemas."
,,,,,,,,,,,,,,,,,https://www.proec.unicamp.br/equipe,23.0,Foi agraciado com o Prêmio Sesc de Literatura e indicado em duas oportunidades ao Prêmio Jabuti.
,,,,,,,,,,,,,,,,,https://www.proec.unicamp.br/equipe,24.0,
,,,,,,,,,,,,,,,,,https://www.proec.unicamp.br/equipe,25.0,josejlc@unicamp.br
,,,,,,,,,,,,,,,,,https://www.proec.unicamp.br/equipe,26.0,Visualizar Currículo Lattes
,,,,,,,,,,,,,,,,,https://www.proec.unicamp.br/equipe,27.0,"Possui graduação em Farmácia Bioquímica pela Universidade Federal de Alfenas (2001), mestrado em Toxicologia e Análises Toxicológicas pela Universidade de São Paulo (2004), doutorado em Química (Química Analítica) no Instituto de Química da Universidade de São Paulo (2008), pós-doutorado na Faculdade de Ciências Médicas da Universidade Estadual de Campinas (2010) e no National Institute on Drug Abuse (NIDA-NIH, Baltimore, MD, EUA, 2013-2014)."
,,,,,,,,,,,,,,,,,https://www.proec.unicamp.br/equipe,27.0,"Foi Perito Criminal da Superintendência da Polícia Técnico-Científica de São Paulo (2002-2016), Diretor Científico da Associação Brasileira de Centros de Informação e Assistência Toxicológica (ABRACIT, 2017-2018) e Presidente da Sociedade Brasileira de Toxicologia (SBTox, 2012-2013)."
,,,,,,,,,,,,,,,,,https://www.proec.unicamp.br/equipe,27.0,"Em 2012, recebeu a Medalha do Mérito da Polícia Técnico Científica “Governador Mário Covas”, maior honraria da Polícia Técnico Científica do Estado de São Paulo."
,,,,,,,,,,,,,,,,,https://www.proec.unicamp.br/equipe,27.0,Atualmente é Professor Doutor da Faculdade de Ciências Farmacêuticas da Universidade Estadual de Campinas e Coordenador Executivo do Centro de Informação e Assistência Toxicológica de Campinas (CIATox-Campinas).
,,,,,,,,,,,,,,,,,https://www.proec.unicamp.br/equipe,27.0,"Possui experiência nas áreas de toxicologia e química analítica instrumental, com ênfase em análises toxicológicas de emergência e forense, análise drogas de abuso, fármacos e praguicidas, técnicas de separação em fase gasosa (cromatografia gasosa) e em fase líquida (cromatografia líquida de alta eficiência e eletroforese capilar), espectrometria de massas aplicada às análises de interesse clínico e forense."
,,,,,,,,,,,,,,,,,https://www.proec.unicamp.br/equipe,28.0,
,,,,,,,,,,,,,,,,,https://www.proec.unicamp.br/equipe,29.0,simonef@unicamp.br+55 19 3521-2557
,,,,,,,,,,,,,,,,,https://www.proec.unicamp.br/equipe,30.0,Visualizar Currículo Lattes
,,,,,,,,,,,,,,,,,https://www.proec.unicamp.br/equipe,31.0,Graduação em Gestão (Modalidade: Gestão de Pessoas) - Anhanguera Educacional (2005).
,,,,,,,,,,,,,,,,,https://www.proec.unicamp.br/equipe,31.0,Gestão por processos  - Unicamp (2015).
,,,,,,,,,,,,,,,,,https://www.proec.unicamp.br/equipe,31.0,Mestra em Ciências (Saúde da Criança e do Adolescente) - Faculdade de Ciências Medicas - UNICAMP (2015).
,,,,,,,,,,,,,,,,,https://www.proec.unicamp.br/equipe,31.0,"Atua nas áreas de administração, gestão e assessoria de projetos, junto a Reitoria da UNICAMP desde de Maio de 2013."
,,,,,,,,,,,,,,,,,https://www.proec.unicamp.br/equipe,32.0,
,,,,,,,,,,,,,,,,,https://www.proec.unicamp.br/equipe,33.0,"apsidoti@unicamp.br
					  +55 19 3521-4741					  
"
,,,,,,,,,,,,,,,,,https://www.proec.unicamp.br/equipe,34.0,"Graduação em Pedagogia - Faculdade de Educação/Unicamp** Formação em Gestão por processos: Teoria e Desenvolvimento de Projetos - Unicamp** Tecnologia de Alimentos - Cotuca.Atuou nas áreas de administração, gestão de contratos administrativos e licitações, secretaria, diretoria de orçamentos e finanças, relações institucionais, cultura e extensão, junto ao Hospital de Clínicas, Cepetro, Espaço Cultural Casa do Lago e Reitoria da Unicamp desde maio de 2008.Atualmente: Secretaria da PROEC, secretariando também: Conselho Executivo de Extensão (CONEXT) - Conselho de Cultura (CONCULT) - Comissão Central de Extensão (CCE)."
,,,,,,,,,,,,,,,,,https://www.proec.unicamp.br/equipe,35.0,
,,,,,,,,,,,,,,,,,https://www.proec.unicamp.br/equipe,36.0,isabelc@unicamp.br+55 19 3521-4176
,,,,,,,,,,,,,,,,,https://www.proec.unicamp.br/equipe,37.0,"Graduada em administração pela Anhanguera Educacional (2006); especialista em gestão pública e projetos sociais, pelo SENAC (2020)."
,,,,,,,,,,,,,,,,,https://www.proec.unicamp.br/equipe,37.0,"Trabalhando na Unicamp desde 1986, atualmente na Pró-reitoria de Extensão e Cultura (ProEC), foi coordenadora adjunto e coordenadora do Programa UniversIDADE (2014 a 2021) e diretora de serviço da Diretoria de Educação Infantil e Complementar (DEdIC) (2012 a 2014) também secretária e supervisora de seção da Diretoria de Planejamento e Desenvolvimento DPD (1999 a 2005)."
,,,,,,,,,,,,,,,,,https://www.proec.unicamp.br/equipe,38.0,
,,,,,,,,,,,,,,,,,https://www.proec.unicamp.br/equipe,39.0,marcus@unicamp.br+55 19 3521-4176
,,,,,,,,,,,,,,,,,https://www.proec.unicamp.br/equipe,40.0,"Graduado em análise de sistemas pela PUCC e mestrado em Qualidade pela Unicamp, atuou como assessor da ProEC até abril de 2021."
,,,,,,,,,,,,,,,,,https://www.proec.unicamp.br/equipe,40.0,"Atuou em organizações como, Volkswagen do Brasil, CPFL, TUSA e Unicamp."
,,,,,,,,,,,,,,,,,https://www.proec.unicamp.br/equipe,40.0,"Atuou em gerenciamento e desenvolvimento de sistemas de informação, diretor de RH e assessoria organizacional."
,,,,,,,,,,,,,,,,,https://www.proec.unicamp.br/equipe,40.0,"Ministrou aulas de graduação, pós-graduação, MBA e cursos de extensão em instituições como: PUCC, São Leopoldo Mandic, Metrocamp e Unicamp."
,,,,,,,,,,,,,,,,,https://www.proec.unicamp.br/equipe,40.0,
,,,,,,,,,,,,,,,,,https://www.proec.unicamp.br/equipe,41.0,
,,,,,,,,,,,,,,,,,https://www.proec.unicamp.br/equipe,42.0,renatafr@unicamp.br
,,,,,,,,,,,,,,,,,https://www.proec.unicamp.br/equipe,43.0,"Mestra em Engenharia Civil, com ênfase em Arquitetura e Urbanismo pela FEC/UNICAMP, (2010)."
,,,,,,,,,,,,,,,,,https://www.proec.unicamp.br/equipe,43.0,Arquiteta e urbanista graduada pela  PUCC (1993).
,,,,,,,,,,,,,,,,,https://www.proec.unicamp.br/equipe,43.0,Presta serviço em autarquia para a UNICAMP desde 2001.
,,,,,,,,,,,,,,,,,https://www.proec.unicamp.br/equipe,43.0,Trabalhou na CPROJ/FEC/UNICAMP até 2015.
,,,,,,,,,,,,,,,,,https://www.proec.unicamp.br/equipe,43.0,É assessora da PROEC nos últimos 4 anos.
,,,,,,,,,,,,,,,,,https://www.proec.unicamp.br/equipe,43.0,"Atuando em projetos de edificações, interior, luminotécnico, cromático, de comunicação visual e desenho urbano."
,,,,,,,,,,,,,,,,,https://www.proec.unicamp.br/equipe,43.0,Colaborou nas aulas do curso de Arquitetura e Urbanismo da FEC/UNICAMP entre 2004 a 2007.
,,,,,,,,,,,,,,,,,https://www.proec.unicamp.br/equipe,43.0,"Ministrou aulas na disciplina de Projeto e Arquitetura Sustentável, UNIP Campinas, de 2008 a 2011."
,,,,,,,,,,,,,,,,,https://www.proec.unicamp.br/equipe,43.0,Ministra aula na Pós Graduação do Design Gráfico oferecido pela EXTECAMP/IA/UNICAMP.
,,,,,,,,,,,,,,,,,https://www.proec.unicamp.br/equipe,44.0,© Pró-Reitoria de Extensão e Cultura.
,,,,,,,,,,,,,,,,,https://www.proec.unicamp.br/equipe,44.0,"Desenvolvido por DTIC - Diretoria de Tecnologia da Informação e Comunicação
"
,,,,,,,,,,,,,,,,,https://www.proec.unicamp.br/extensao48,0.0,Extensão 48
,,,,,,,,,,,,,,,,,https://www.proec.unicamp.br/extensao48,1.0,Conheça o projeto
,,,,,,,,,,,,,,,,,https://www.proec.unicamp.br/extensao48,2.0,As contribuições da Unicamp para o enfrentamento da pandemia pelos povos indígenas
,,,,,,,,,,,,,,,,,https://www.proec.unicamp.br/extensao48,3.0,Força Tarefa da Unicamp desenvolve reagentes nacionais para realização de testes de Covid-19
,,,,,,,,,,,,,,,,,https://www.proec.unicamp.br/extensao48,4.0,COVID-19 (Libras + Captions)
,,,,,,,,,,,,,,,,,https://www.proec.unicamp.br/extensao48,5.0,Cultura e Esporte
,,,,,,,,,,,,,,,,,https://www.proec.unicamp.br/extensao48,6.0,Capacitação no Processamento de Alimentos - Projeto Extensão - FEA
,,,,,,,,,,,,,,,,,https://www.proec.unicamp.br/extensao48,7.0,Integração e desenvolvimento agrícola através dos canais curtos de alimentação
,,,,,,,,,,,,,,,,,https://www.proec.unicamp.br/extensao48,8.0,EJA Coletivo
,,,,,,,,,,,,,,,,,https://www.proec.unicamp.br/extensao48,9.0,Projeto de Extensão – “Era uma vez”
,,,,,,,,,,,,,,,,,https://www.proec.unicamp.br/extensao48,10.0,Revitalização de línguas indígenas - A identidade de um povo
,,,,,,,,,,,,,,,,,https://www.proec.unicamp.br/extensao48,11.0,Inteligência artificial contra câncer de pele
,,,,,,,,,,,,,,,,,https://www.proec.unicamp.br/extensao48,12.0,Unicamp sedia premiação da Olimpíada de Matemática das Escolas Públicas
,,,,,,,,,,,,,,,,,https://www.proec.unicamp.br/extensao48,13.0,Inovação no Combate das Parasitoses Intestinais
,,,,,,,,,,,,,,,,,https://www.proec.unicamp.br/extensao48,14.0,Material de apoio didático ajuda a preservar e difundir a cultura e história do povo Kalapalo
,,,,,,,,,,,,,,,,,https://www.proec.unicamp.br/extensao48,15.0,Técnica ajuda a refinar o diagnóstico do Alzheimer
,,,,,,,,,,,,,,,,,https://www.proec.unicamp.br/extensao48,16.0,Inclusão para jovens e adultos - (PEIS)
,,,,,,,,,,,,,,,,,https://www.proec.unicamp.br/extensao48,17.0,03/07/2020
,,,,,,,,,,,,,,,,,https://www.proec.unicamp.br/extensao48,18.0,Edição faz parte da série especial que aborda o Coronavírus.
,,,,,,,,,,,,,,,,,https://www.proec.unicamp.br/extensao48,19.0,03/06/2020
,,,,,,,,,,,,,,,,,https://www.proec.unicamp.br/extensao48,20.0,Segunda edição da série Extensão 48 - Coronavírus aborda pesquisas realizadas no Instituto de Biologia (IB).
,,,,,,,,,,,,,,,,,https://www.proec.unicamp.br/extensao48,21.0,05/05/2020
,,,,,,,,,,,,,,,,,https://www.proec.unicamp.br/extensao48,22.0,A série Extensão 48 - Coronavirus é uma produção da Diretoria de Comunicação da Pro-reitoria de Extensão e Cultura.
,,,,,,,,,,,,,,,,,https://www.proec.unicamp.br/extensao48,23.0,28/11/2019
,,,,,,,,,,,,,,,,,https://www.proec.unicamp.br/extensao48,24.0,Extensão 48 aborda Projeto da FEF - UNICAMP
,,,,,,,,,,,,,,,,,https://www.proec.unicamp.br/extensao48,25.0,28/11/2019
,,,,,,,,,,,,,,,,,https://www.proec.unicamp.br/extensao48,26.0,Capacitação de Produtoras Rurais para o Processamento de Alimentos oriundos da Agricultura Familiar.
,,,,,,,,,,,,,,,,,https://www.proec.unicamp.br/extensao48,27.0,01/11/2019
,,,,,,,,,,,,,,,,,https://www.proec.unicamp.br/extensao48,28.0,Extensão 48 aborda projeto da Feagri junto à comunidade agrícola do acampamento Elizabeth Teixeira.
,,,,,,,,,,,,,,,,,https://www.proec.unicamp.br/extensao48,29.0,01/11/2019
,,,,,,,,,,,,,,,,,https://www.proec.unicamp.br/extensao48,30.0,Extensão 48 aborda educação popular de funcionários terceirizados junto a estudantes da Unicamp.
,,,,,,,,,,,,,,,,,https://www.proec.unicamp.br/extensao48,31.0,04/10/2019
,,,,,,,,,,,,,,,,,https://www.proec.unicamp.br/extensao48,32.0,Extensão 48 aborda a utilização da linguagem de programação no ensino de crianças e jovens.
,,,,,,,,,,,,,,,,,https://www.proec.unicamp.br/extensao48,33.0,03/09/2019
,,,,,,,,,,,,,,,,,https://www.proec.unicamp.br/extensao48,34.0,Grupo de pesquisa do IEL atua com as comunidades Indígenas no processo de revitalização dessas línguas.
,,,,,,,,,,,,,,,,,https://www.proec.unicamp.br/extensao48,35.0,22/08/2019
,,,,,,,,,,,,,,,,,https://www.proec.unicamp.br/extensao48,36.0,Extensão 48 aborda avanços no diagnóstico de melanoma.
,,,,,,,,,,,,,,,,,https://www.proec.unicamp.br/extensao48,37.0,01/08/2019
,,,,,,,,,,,,,,,,,https://www.proec.unicamp.br/extensao48,38.0,A cerimônia de premiação de 254 medalhistas da Olimpíada Brasileira de Matemática das Escolas Públicas.
,,,,,,,,,,,,,,,,,https://www.proec.unicamp.br/extensao48,39.0,18/07/2019
,,,,,,,,,,,,,,,,,https://www.proec.unicamp.br/extensao48,40.0,Diagnóstico validado em escolas desde 2010 deve chegar à sociedade no segundo semestre.
,,,,,,,,,,,,,,,,,https://www.proec.unicamp.br/extensao48,41.0,18/06/2019
,,,,,,,,,,,,,,,,,https://www.proec.unicamp.br/extensao48,42.0,Projeto realizado há mais de dez anos auxilia na disseminação da cultura local.
,,,,,,,,,,,,,,,,,https://www.proec.unicamp.br/extensao48,43.0,03/06/2019
,,,,,,,,,,,,,,,,,https://www.proec.unicamp.br/extensao48,44.0,Método desenvolvido no IC-Unicamp utiliza rede neural para processar e analisar imagens do cérebro feitas por ressonância magnética.
,,,,,,,,,,,,,,,,,https://www.proec.unicamp.br/extensao48,45.0,26/04/2019
,,,,,,,,,,,,,,,,,https://www.proec.unicamp.br/extensao48,46.0,Projeto Educativo de Integração Social reintegra adultos ao universo dos estudos.
,,,,,,,,,,,,,,,,,https://www.proec.unicamp.br/extensao48,47.0,© Pró-Reitoria de Extensão e Cultura.
,,,,,,,,,,,,,,,,,https://www.proec.unicamp.br/extensao48,47.0,"Desenvolvido por DTIC - Diretoria de Tecnologia da Informação e Comunicação
"
,,,,,,,,,,,,,,,,,https://www.proec.unicamp.br/sobre,0.0,Sobre a ProEC
,,,,,,,,,,,,,,,,,https://www.proec.unicamp.br/sobre,1.0,Pró Reitoria de Extensão e Cultura
,,,,,,,,,,,,,,,,,https://www.proec.unicamp.br/sobre,2.0,"Em julho de 2018, o Ranking Times Higher Education (THE) manteve a Unicamp no primeiro lugar entre as melhores Universidades da América Latina."
,,,,,,,,,,,,,,,,,https://www.proec.unicamp.br/sobre,2.0,"Esta conquista aumenta a responsabilidade social de uma instituição pública de ensino, tanto por meio da formação de profissionais altamente qualificados quanto no desenvolvimento de projetos que promovam interação entre a academia e a sociedade."
,,,,,,,,,,,,,,,,,https://www.proec.unicamp.br/sobre,3.0,"Na Unicamp, a Pró Reitoria de Extensão e Cultura tem como missão coordenar e estimular atividades e projetos de Extensão e Cultura que, por meio do diálogo e da interatividade, tenham aplicação contínua em comunidades não somente da Região Metropolitana de Campinas (RMC), mas também de vários lugares do Brasil e de outros países."
,,,,,,,,,,,,,,,,,https://www.proec.unicamp.br/sobre,4.0,"Com o cuidado de não separar ensino, pesquisa e extensão, a Unicamp constrói tradição de interação com a sociedade, por meio de acordos de cooperação com órgãos do governo e da iniciativa privada."
,,,,,,,,,,,,,,,,,https://www.proec.unicamp.br/sobre,5.0,"A extensão exerce a responsabilidade social, gerando transformações positivas na sociedade realizada por professores, pesquisadores, alunos e colaboradores da Universidade."
,,,,,,,,,,,,,,,,,https://www.proec.unicamp.br/sobre,6.0,© Pró-Reitoria de Extensão e Cultura.
,,,,,,,,,,,,,,,,,https://www.proec.unicamp.br/sobre,6.0,"Desenvolvido por DTIC - Diretoria de Tecnologia da Informação e Comunicação
"
,,,,,,,,,,,,,,,,,https://www.proec.unicamp.br/adm,0.0,Diretoria Administrativa
,,,,,,,,,,,,,,,,,https://www.proec.unicamp.br/adm,1.0,Missão
,,,,,,,,,,,,,,,,,https://www.proec.unicamp.br/adm,2.0,Visão
,,,,,,,,,,,,,,,,,https://www.proec.unicamp.br/adm,3.0,Valores
,,,,,,,,,,,,,,,,,https://www.proec.unicamp.br/adm,4.0,"Dar suporte administrativo ao Pró Reitor, seus assessores, diretores e demais servidores, organizando as informações pertinentes necessárias para o bom andamento dos serviços."
,,,,,,,,,,,,,,,,,https://www.proec.unicamp.br/adm,5.0,"Ser a principal referência para a PROEC e demais Órgãos, no atendimento às demandas administrativas dos seus usuários."
,,,,,,,,,,,,,,,,,https://www.proec.unicamp.br/adm,6.0,Cumprir a missão da área com:
,,,,,,,,,,,,,,,,,https://www.proec.unicamp.br/adm,7.0,© Pró-Reitoria de Extensão e Cultura.
,,,,,,,,,,,,,,,,,https://www.proec.unicamp.br/adm,7.0,"Desenvolvido por DTIC - Diretoria de Tecnologia da Informação e Comunicação
"
,,,,,,,,,,,,,,,,,https://www.proec.unicamp.br/editais_acoes_ext,0.0,Ações de Extensão e Cultura
,,,,,,,,,,,,,,,,,https://www.proec.unicamp.br/editais_acoes_ext,1.0,"Política de apoio a Ações de Extensão, Artísticas e Culturais"
,,,,,,,,,,,,,,,,,https://www.proec.unicamp.br/editais_acoes_ext,2.0,"→ Solicitação de Apoio para Ações de Extensão, Artísticas e Culturais da PROEC"
,,,,,,,,,,,,,,,,,https://www.proec.unicamp.br/editais_acoes_ext,3.0,"Em busca de  valorização e apoio às Ações de Extensão e Cultura da  UNICAMP, a ProEC busca financiar ações de curto prazo."
,,,,,,,,,,,,,,,,,https://www.proec.unicamp.br/editais_acoes_ext,3.0,"Para esse fim,  disponibiliza auxílio financeiro e de estrutura para Ações de Extensão,  Artísticas e Culturais em fluxo contínuo."
,,,,,,,,,,,,,,,,,https://www.proec.unicamp.br/editais_acoes_ext,3.0,Os requisitos para solicitação  deste apoio são: 
,,,,,,,,,,,,,,,,,https://www.proec.unicamp.br/editais_acoes_ext,4.0,→ Relatório de Apoio dado pela Proec
,,,,,,,,,,,,,,,,,https://www.proec.unicamp.br/editais_acoes_ext,5.0,"A ProEC avaliará os pedidos enviados, podendo concedê-los ou não de  acordo com disponibilidade de orçamento e/ou adequação do projeto aos objetivos  estratégicos da ProEC."
,,,,,,,,,,,,,,,,,https://www.proec.unicamp.br/editais_acoes_ext,5.0,"A avaliação emitida pela ProEC é definitiva, e não  caberá recurso."
,,,,,,,,,,,,,,,,,https://www.proec.unicamp.br/editais_acoes_ext,5.0,O prazo para avaliação da proposta pela ProEC é 15 dias.
,,,,,,,,,,,,,,,,,https://www.proec.unicamp.br/editais_acoes_ext,5.0,
,,,,,,,,,,,,,,,,,https://www.proec.unicamp.br/editais_acoes_ext,6.0, 
,,,,,,,,,,,,,,,,,https://www.proec.unicamp.br/editais_acoes_ext,7.0,© Pró-Reitoria de Extensão e Cultura.
,,,,,,,,,,,,,,,,,https://www.proec.unicamp.br/editais_acoes_ext,7.0,"Desenvolvido por DTIC - Diretoria de Tecnologia da Informação e Comunicação
"
,,,,,,,,,,,,,,,,,https://www.proec.unicamp.br/editais_premio_extensao,0.0,Prêmio de Extensão
,,,,,,,,,,,,,,,,,https://www.proec.unicamp.br/editais_premio_extensao,1.0,Prêmio ProEC de Extensão Universitária
,,,,,,,,,,,,,,,,,https://www.proec.unicamp.br/editais_premio_extensao,2.0,→ Guia para o Prêmio ProEC de Extensão Universitária
,,,,,,,,,,,,,,,,,https://www.proec.unicamp.br/editais_premio_extensao,3.0,"→ Deliberação CONSU-A-006/2019, de 26/03/2019"
,,,,,,,,,,,,,,,,,https://www.proec.unicamp.br/editais_premio_extensao,4.0,"Esse documento tem como objetivo trazer um direcionamento para o Prêmio ProEC de Extensão Universitária criado pela Deliberação CONSU-A-006/2019, de 26/03/2019."
,,,,,,,,,,,,,,,,,https://www.proec.unicamp.br/editais_premio_extensao,4.0,Aqui são elencados princípios norteadores para o Prêmio.
,,,,,,,,,,,,,,,,,https://www.proec.unicamp.br/editais_premio_extensao,5.0,O Objetivo do Prêmio é reconhecer a dedicação e contribuição dos docentes da Unicamp para a extensão universitária como interação dialógica e transformadora entre a Universidade e os demais setores da sociedade.
,,,,,,,,,,,,,,,,,https://www.proec.unicamp.br/editais_premio_extensao,6.0,"Às unidades de ensino e pesquisa ficou a responsabilidade de selecionar o docente contemplado de acordo com seu entendimento da sua contribuição do mesmo para as ações de extensão para a unidade, universidade e sociedade como um todo."
,,,,,,,,,,,,,,,,,https://www.proec.unicamp.br/editais_premio_extensao,7.0,© Pró-Reitoria de Extensão e Cultura.
,,,,,,,,,,,,,,,,,https://www.proec.unicamp.br/editais_premio_extensao,7.0,"Desenvolvido por DTIC - Diretoria de Tecnologia da Informação e Comunicação
"
,,,,,,,,,,,,,,,,,https://www.proec.unicamp.br/noticias/12a-mostra-ecofalante-de-cinema-acontece-em-sao-paulo,0.0,12ª Mostra Ecofalante de Cinema acontece em São Paulo
,,,,,,,,,,,,,,,,,https://www.proec.unicamp.br/noticias/12a-mostra-ecofalante-de-cinema-acontece-em-sao-paulo,1.0,Publicado em 26/05/2023 por PROEC
,,,,,,,,,,,,,,,,,https://www.proec.unicamp.br/noticias/12a-mostra-ecofalante-de-cinema-acontece-em-sao-paulo,2.0,O evento acontece de 1º a 14 de junho com mais de 100 filmes no catálogo
,,,,,,,,,,,,,,,,,https://www.proec.unicamp.br/noticias/12a-mostra-ecofalante-de-cinema-acontece-em-sao-paulo,3.0,Texto: Maria Luiza Robles Arias e Gabriela Villen  | Imagens: divulgação
,,,,,,,,,,,,,,,,,https://www.proec.unicamp.br/noticias/12a-mostra-ecofalante-de-cinema-acontece-em-sao-paulo,4.0,"De 1º a 14 de junho, acontece, em São Paulo, a 12ª Mostra Ecofalante de Cinema."
,,,,,,,,,,,,,,,,,https://www.proec.unicamp.br/noticias/12a-mostra-ecofalante-de-cinema-acontece-em-sao-paulo,4.0,"Considerado um dos maiores festivais do Brasil e o mais importante no campo do audiovisual sul-americano dedicado a temas socioambientais, a Mostra traz 101 filmes."
,,,,,,,,,,,,,,,,,https://www.proec.unicamp.br/noticias/12a-mostra-ecofalante-de-cinema-acontece-em-sao-paulo,4.0,"Entre eles estão obras premiadas em festivais como Cannes e produções assinadas por cineastas consagrados, como Jorge Bodanzky, Gabriela Cowperthwaite, Eduardo Coutinho, entre outros."
,,,,,,,,,,,,,,,,,https://www.proec.unicamp.br/noticias/12a-mostra-ecofalante-de-cinema-acontece-em-sao-paulo,4.0,
,,,,,,,,,,,,,,,,,https://www.proec.unicamp.br/noticias/12a-mostra-ecofalante-de-cinema-acontece-em-sao-paulo,5.0,"O evento será realizado em 39 espaços culturais da cidade de São Paulo, incluindo o Espaço Itaú de Cinema."
,,,,,,,,,,,,,,,,,https://www.proec.unicamp.br/noticias/12a-mostra-ecofalante-de-cinema-acontece-em-sao-paulo,5.0,A entrada para participar do festival é gratuita e livre para todos os públicos.
,,,,,,,,,,,,,,,,,https://www.proec.unicamp.br/noticias/12a-mostra-ecofalante-de-cinema-acontece-em-sao-paulo,5.0,Confira a programação completa.
,,,,,,,,,,,,,,,,,https://www.proec.unicamp.br/noticias/12a-mostra-ecofalante-de-cinema-acontece-em-sao-paulo,6.0,"A Diretoria de Cultura (DCult) da Pró-reitoria de Extensão e Cultura (Proec) da Unicamp estabeleceu um convênio com a Mostra, por meio do Programa Ecofalante Universidades, que permitirá a exibição dos filmes gratuitamente pela comunidade universitária."
,,,,,,,,,,,,,,,,,https://www.proec.unicamp.br/noticias/12a-mostra-ecofalante-de-cinema-acontece-em-sao-paulo,6.0,Mais informações sobre essa parceria serão divulgadas em breve.
,,,,,,,,,,,,,,,,,https://www.proec.unicamp.br/noticias/12a-mostra-ecofalante-de-cinema-acontece-em-sao-paulo,7.0,© Pró-Reitoria de Extensão e Cultura.
,,,,,,,,,,,,,,,,,https://www.proec.unicamp.br/noticias/12a-mostra-ecofalante-de-cinema-acontece-em-sao-paulo,7.0,"Desenvolvido por DTIC - Diretoria de Tecnologia da Informação e Comunicação
"
,,,,,,,,,,,,,,,,,https://www.proec.unicamp.br/paginas/congresso,0.0,4º Congresso de Extensão e Cultura da Unicamp
,,,,,,,,,,,,,,,,,https://www.proec.unicamp.br/paginas/congresso,1.0,"21, 22 e 23 de Novembro"
,,,,,,,,,,,,,,,,,https://www.proec.unicamp.br/paginas/congresso,2.0,Venha participar do congresso!
,,,,,,,,,,,,,,,,,https://www.proec.unicamp.br/paginas/congresso,3.0,Notícias
,,,,,,,,,,,,,,,,,https://www.proec.unicamp.br/paginas/congresso,4.0,Redes Sociais
,,,,,,,,,,,,,,,,,https://www.proec.unicamp.br/paginas/congresso,5.0,Patrocinadores
,,,,,,,,,,,,,,,,,https://www.proec.unicamp.br/paginas/congresso,6.0,"O 4º Congresso de Extensão e Cultura da Unicamp acontecerá nos dias 21, 22 e 23 de novembro, no Centro de Convenções e no Ginásio Multidisciplinar da Unicamp."
,,,,,,,,,,,,,,,,,https://www.proec.unicamp.br/paginas/congresso,6.0,"O evento, organizado pela Pró-Reitoria de Extensão e Cultura (Proec), pretende reunir extensionistas e pesquisadores de todo país, para discutir as principais temáticas relacionadas à extensão e cultura no ambiente universitário."
,,,,,,,,,,,,,,,,,https://www.proec.unicamp.br/paginas/congresso,7.0,"Você pode conferir mais detalhes sobre o evento, além da nossa programação, nos links abaixo."
,,,,,,,,,,,,,,,,,https://www.proec.unicamp.br/paginas/congresso,8.0,© Pró-Reitoria de Extensão e Cultura.
,,,,,,,,,,,,,,,,,https://www.proec.unicamp.br/paginas/congresso,8.0,"Desenvolvido por DTIC - Diretoria de Tecnologia da Informação e Comunicação
"
,,,,,,,,,,,,,,,,,https://www.proec.unicamp.br/contatos,0.0,Contatos da Pró-Reitoria de Extensão e Cultura
,,,,,,,,,,,,,,,,,https://www.proec.unicamp.br/contatos,1.0,Pró-Reitoria de Extensão e Cultura
,,,,,,,,,,,,,,,,,https://www.proec.unicamp.br/contatos,2.0,CCE - Comissão Central de Extensão
,,,,,,,,,,,,,,,,,https://www.proec.unicamp.br/contatos,3.0,Diretoria de Tenologias de Informação e Comunicação
,,,,,,,,,,,,,,,,,https://www.proec.unicamp.br/contatos,4.0,Diretoria Administrativa
,,,,,,,,,,,,,,,,,https://www.proec.unicamp.br/contatos,5.0,Comunicação
,,,,,,,,,,,,,,,,,https://www.proec.unicamp.br/contatos,6.0,Diretoria de Cultura
,,,,,,,,,,,,,,,,,https://www.proec.unicamp.br/contatos,7.0,Fóruns Permanentes
,,,,,,,,,,,,,,,,,https://www.proec.unicamp.br/contatos,8.0,Diretoria de Extensão
,,,,,,,,,,,,,,,,,https://www.proec.unicamp.br/contatos,9.0,Diretoria de Projetos
