Index,Titles,Title
0,,"Faça um curso de extensão. Amplie suas possibilidades.
                                    Vamos lá?"
0,,"Faça um curso de extensão. Amplie suas possibilidades.
                                    Vamos lá?"
0,,"Faça um curso de extensão. Amplie suas possibilidades.
                                    Vamos lá?"
0,,"Faça um curso de extensão. Amplie suas possibilidades.
                                    Vamos lá?"
0,,"Faça um curso de extensão. Amplie suas possibilidades.
                                    Vamos lá?"
0,,"Faça um curso de extensão. Amplie suas possibilidades.
                                    Vamos lá?"
0,,"Faça um curso de extensão. Amplie suas possibilidades.
                                    Vamos lá?"
0,,"Faça um curso de extensão. Amplie suas possibilidades.
                                    Vamos lá?"
0,,"Faça um curso de extensão. Amplie suas possibilidades.
                                    Vamos lá?"
0,,"Faça um curso de extensão. Amplie suas possibilidades.
                                    Vamos lá?"
0,,"Faça um curso de extensão. Amplie suas possibilidades.
                                    Vamos lá?"
0,,"Faça um curso de extensão. Amplie suas possibilidades.
                                    Vamos lá?"
0,,"Faça um curso de extensão. Amplie suas possibilidades.
                                    Vamos lá?"
0,,"Faça um curso de extensão. Amplie suas possibilidades.
                                    Vamos lá?"
0,,"Faça um curso de extensão. Amplie suas possibilidades.
                                    Vamos lá?"
0,,"Faça um curso de extensão. Amplie suas possibilidades.
                                    Vamos lá?"
0,,"Faça um curso de extensão. Amplie suas possibilidades.
                                    Vamos lá?"
0,,"Faça um curso de extensão. Amplie suas possibilidades.
                                    Vamos lá?"
0,,"Faça um curso de extensão. Amplie suas possibilidades.
                                    Vamos lá?"
0,,"Faça um curso de extensão. Amplie suas possibilidades.
                                    Vamos lá?"
0,,"Faça um curso de extensão. Amplie suas possibilidades.
                                    Vamos lá?"
1,,Inscreva-se já.
1,,Inscreva-se já.
1,,Inscreva-se já.
1,,Inscreva-se já.
1,,Inscreva-se já.
1,,Inscreva-se já.
1,,Inscreva-se já.
1,,Inscreva-se já.
1,,Inscreva-se já.
1,,Inscreva-se já.
1,,Inscreva-se já.
1,,Inscreva-se já.
1,,Inscreva-se já.
1,,Inscreva-se já.
1,,Inscreva-se já.
1,,Inscreva-se já.
1,,Inscreva-se já.
1,,Inscreva-se já.
1,,Inscreva-se já.
1,,Inscreva-se já.
1,,Inscreva-se já.
2,,Cursos em Destaque
2,,Cursos em Destaque
2,,Cursos em Destaque
2,,Cursos em Destaque
2,,Cursos em Destaque
2,,Cursos em Destaque
2,,Cursos em Destaque
2,,Cursos em Destaque
2,,Cursos em Destaque
2,,Cursos em Destaque
2,,Cursos em Destaque
2,,Cursos em Destaque
2,,Cursos em Destaque
2,,Cursos em Destaque
2,,Cursos em Destaque
2,,Cursos em Destaque
2,,Cursos em Destaque
2,,Cursos em Destaque
2,,Cursos em Destaque
2,,Cursos em Destaque
2,,Cursos em Destaque
3,,Notícias
3,,Notícias
3,,Notícias
3,,Notícias
3,,Notícias
3,,Notícias
3,,Notícias
3,,Notícias
3,,Notícias
3,,Notícias
3,,Notícias
3,,Notícias
3,,Notícias
3,,Notícias
3,,Notícias
3,,Notícias
3,,Notícias
3,,Notícias
3,,Notícias
3,,Notícias
3,,Notícias
4,,Banco de Talentos
4,,Banco de Talentos
4,,Banco de Talentos
4,,Banco de Talentos
4,,Banco de Talentos
4,,Banco de Talentos
4,,Banco de Talentos
4,,Banco de Talentos
4,,Banco de Talentos
4,,Banco de Talentos
4,,Banco de Talentos
4,,Banco de Talentos
4,,Banco de Talentos
4,,Banco de Talentos
4,,Banco de Talentos
4,,Banco de Talentos
4,,Banco de Talentos
4,,Banco de Talentos
4,,Banco de Talentos
4,,Banco de Talentos
4,,Banco de Talentos
5,,A Extecamp
5,,A Extecamp
5,,A Extecamp
5,,A Extecamp
5,,A Extecamp
5,,A Extecamp
5,,A Extecamp
5,,A Extecamp
5,,A Extecamp
5,,A Extecamp
5,,A Extecamp
5,,A Extecamp
5,,A Extecamp
5,,A Extecamp
5,,A Extecamp
5,,A Extecamp
5,,A Extecamp
5,,A Extecamp
5,,A Extecamp
5,,A Extecamp
5,,A Extecamp
6,,Experiência
6,,Experiência
6,,Experiência
6,,Experiência
6,,Experiência
6,,Experiência
6,,Experiência
6,,Experiência
6,,Experiência
6,,Experiência
6,,Experiência
6,,Experiência
6,,Experiência
6,,Experiência
6,,Experiência
6,,Experiência
6,,Experiência
6,,Experiência
6,,Experiência
6,,Experiência
6,,Experiência
7,,Corpo Docente
7,,Corpo Docente
7,,Corpo Docente
7,,Corpo Docente
7,,Corpo Docente
7,,Corpo Docente
7,,Corpo Docente
7,,Corpo Docente
7,,Corpo Docente
7,,Corpo Docente
7,,Corpo Docente
7,,Corpo Docente
7,,Corpo Docente
7,,Corpo Docente
7,,Corpo Docente
7,,Corpo Docente
7,,Corpo Docente
7,,Corpo Docente
7,,Corpo Docente
7,,Corpo Docente
7,,Corpo Docente
8,,Estrutura
8,,Estrutura
8,,Estrutura
8,,Estrutura
8,,Estrutura
8,,Estrutura
8,,Estrutura
8,,Estrutura
8,,Estrutura
8,,Estrutura
8,,Estrutura
8,,Estrutura
8,,Estrutura
8,,Estrutura
8,,Estrutura
8,,Estrutura
8,,Estrutura
8,,Estrutura
8,,Estrutura
8,,Estrutura
8,,Estrutura
9,,5000 cursos
9,,5000 cursos
9,,5000 cursos
9,,5000 cursos
9,,5000 cursos
9,,5000 cursos
9,,5000 cursos
9,,5000 cursos
9,,5000 cursos
9,,5000 cursos
9,,5000 cursos
9,,5000 cursos
9,,5000 cursos
9,,5000 cursos
9,,5000 cursos
9,,5000 cursos
9,,5000 cursos
9,,5000 cursos
9,,5000 cursos
9,,5000 cursos
9,,5000 cursos
10,,Banco de Talentos
10,,Banco de Talentos
10,,Banco de Talentos
10,,Banco de Talentos
10,,Banco de Talentos
10,,Banco de Talentos
10,,Banco de Talentos
10,,Banco de Talentos
10,,Banco de Talentos
10,,Banco de Talentos
10,,Banco de Talentos
10,,Banco de Talentos
10,,Banco de Talentos
10,,Banco de Talentos
10,,Banco de Talentos
10,,Banco de Talentos
10,,Banco de Talentos
10,,Banco de Talentos
10,,Banco de Talentos
10,,Banco de Talentos
10,,Banco de Talentos
11,,Soluções Corporativas
11,,Soluções Corporativas
11,,Soluções Corporativas
11,,Soluções Corporativas
11,,Soluções Corporativas
11,,Soluções Corporativas
11,,Soluções Corporativas
11,,Soluções Corporativas
11,,Soluções Corporativas
11,,Soluções Corporativas
11,,Soluções Corporativas
11,,Soluções Corporativas
11,,Soluções Corporativas
11,,Soluções Corporativas
11,,Soluções Corporativas
11,,Soluções Corporativas
11,,Soluções Corporativas
11,,Soluções Corporativas
11,,Soluções Corporativas
11,,Soluções Corporativas
11,,Soluções Corporativas
12,,Precisa de uma ajuda especial?
12,,Precisa de uma ajuda especial?
12,,Precisa de uma ajuda especial?
12,,Precisa de uma ajuda especial?
12,,Precisa de uma ajuda especial?
12,,Precisa de uma ajuda especial?
12,,Precisa de uma ajuda especial?
12,,Precisa de uma ajuda especial?
12,,Precisa de uma ajuda especial?
12,,Precisa de uma ajuda especial?
12,,Precisa de uma ajuda especial?
12,,Precisa de uma ajuda especial?
12,,Precisa de uma ajuda especial?
12,,Precisa de uma ajuda especial?
12,,Precisa de uma ajuda especial?
12,,Precisa de uma ajuda especial?
12,,Precisa de uma ajuda especial?
12,,Precisa de uma ajuda especial?
12,,Precisa de uma ajuda especial?
12,,Precisa de uma ajuda especial?
12,,Precisa de uma ajuda especial?
13,,Ambientes de EAD
13,,Ambientes de EAD
13,,Ambientes de EAD
13,,Ambientes de EAD
13,,Ambientes de EAD
13,,Ambientes de EAD
13,,Ambientes de EAD
13,,Ambientes de EAD
13,,Ambientes de EAD
13,,Ambientes de EAD
13,,Ambientes de EAD
13,,Ambientes de EAD
13,,Ambientes de EAD
13,,Ambientes de EAD
13,,Ambientes de EAD
13,,Ambientes de EAD
13,,Ambientes de EAD
13,,Ambientes de EAD
13,,Ambientes de EAD
13,,Ambientes de EAD
13,,Ambientes de EAD
14,,Newsletter
14,,Newsletter
14,,Newsletter
14,,Newsletter
14,,Newsletter
14,,Newsletter
14,,Newsletter
14,,Newsletter
14,,Newsletter
14,,Newsletter
14,,Newsletter
14,,Newsletter
14,,Newsletter
14,,Newsletter
14,,Newsletter
14,,Newsletter
14,,Newsletter
14,,Newsletter
14,,Newsletter
14,,Newsletter
14,,Newsletter
15,,Dicas Extecamp
15,,Dicas Extecamp
15,,Dicas Extecamp
15,,Dicas Extecamp
15,,Dicas Extecamp
15,,Dicas Extecamp
15,,Dicas Extecamp
15,,Dicas Extecamp
15,,Dicas Extecamp
15,,Dicas Extecamp
15,,Dicas Extecamp
15,,Dicas Extecamp
15,,Dicas Extecamp
15,,Dicas Extecamp
15,,Dicas Extecamp
15,,Dicas Extecamp
15,,Dicas Extecamp
15,,Dicas Extecamp
15,,Dicas Extecamp
15,,Dicas Extecamp
15,,Dicas Extecamp
16,,O que é?
16,,O que é?
16,,O que é?
16,,O que é?
16,,O que é?
16,,O que é?
16,,O que é?
16,,O que é?
16,,O que é?
16,,O que é?
16,,O que é?
16,,O que é?
16,,O que é?
16,,O que é?
16,,O que é?
16,,O que é?
16,,O que é?
16,,O que é?
16,,O que é?
16,,O que é?
16,,O que é?
17,,Cursos Corporativos
17,,Cursos Corporativos
17,,Cursos Corporativos
17,,Cursos Corporativos
17,,Cursos Corporativos
17,,Cursos Corporativos
17,,Cursos Corporativos
17,,Cursos Corporativos
17,,Cursos Corporativos
17,,Cursos Corporativos
17,,Cursos Corporativos
17,,Cursos Corporativos
17,,Cursos Corporativos
17,,Cursos Corporativos
17,,Cursos Corporativos
17,,Cursos Corporativos
17,,Cursos Corporativos
17,,Cursos Corporativos
17,,Cursos Corporativos
17,,Cursos Corporativos
17,,Cursos Corporativos
18,,Cursos InCompany
18,,Cursos InCompany
18,,Cursos InCompany
18,,Cursos InCompany
18,,Cursos InCompany
18,,Cursos InCompany
18,,Cursos InCompany
18,,Cursos InCompany
18,,Cursos InCompany
18,,Cursos InCompany
18,,Cursos InCompany
18,,Cursos InCompany
18,,Cursos InCompany
18,,Cursos InCompany
18,,Cursos InCompany
18,,Cursos InCompany
18,,Cursos InCompany
18,,Cursos InCompany
18,,Cursos InCompany
18,,Cursos InCompany
18,,Cursos InCompany
19,,História
19,,História
19,,História
19,,História
19,,História
19,,História
19,,História
19,,História
19,,História
19,,História
19,,História
19,,História
19,,História
19,,História
19,,História
19,,História
19,,História
19,,História
19,,História
19,,História
19,,História
20,,Avaliações
20,,Avaliações
20,,Avaliações
20,,Avaliações
20,,Avaliações
20,,Avaliações
20,,Avaliações
20,,Avaliações
20,,Avaliações
20,,Avaliações
20,,Avaliações
20,,Avaliações
20,,Avaliações
20,,Avaliações
20,,Avaliações
20,,Avaliações
20,,Avaliações
20,,Avaliações
20,,Avaliações
20,,Avaliações
20,,Avaliações
